/*
 Navicat Premium Dump SQL

 Source Server         : 深圳数据库
 Source Server Type    : MySQL
 Source Server Version : 80044 (8.0.44-0ubuntu0.24.04.1)
 Source Host           : 192.168.17.98:3306
 Source Schema         : devops_dev

 Target Server Type    : MySQL
 Target Server Version : 80044 (8.0.44-0ubuntu0.24.04.1)
 File Encoding         : 65001

 Date: 06/03/2026 16:41:05
*/

SET NAMES utf8mb4;
SET FOREIGN_KEY_CHECKS = 0;

-- ----------------------------
-- Table structure for bak_device_backup
-- ----------------------------
DROP TABLE IF EXISTS `bak_device_backup`;
CREATE TABLE `bak_device_backup`  (
  `id` bigint NOT NULL COMMENT '主键ID',
  `instance` varchar(50) CHARACTER SET utf8mb4 COLLATE utf8mb4_0900_ai_ci NOT NULL COMMENT '地址',
  `name` varchar(50) CHARACTER SET utf8mb4 COLLATE utf8mb4_0900_ai_ci NOT NULL COMMENT '名称',
  `username` varchar(50) CHARACTER SET utf8mb4 COLLATE utf8mb4_0900_ai_ci NOT NULL COMMENT '用户名',
  `password` varchar(50) CHARACTER SET utf8mb4 COLLATE utf8mb4_0900_ai_ci NOT NULL COMMENT '密码',
  `area_name` varchar(50) CHARACTER SET utf8mb4 COLLATE utf8mb4_0900_ai_ci NOT NULL COMMENT '区域名称',
  `group_name` varchar(50) CHARACTER SET utf8mb4 COLLATE utf8mb4_0900_ai_ci NOT NULL COMMENT '分组名称',
  `device_model` varchar(50) CHARACTER SET utf8mb4 COLLATE utf8mb4_0900_ai_ci NULL DEFAULT NULL COMMENT '设备型号',
  `status` tinyint NOT NULL DEFAULT 1 COMMENT '状态 0禁用 1启用',
  `agent_id` bigint NOT NULL COMMENT '节点ID',
  `creator` bigint NOT NULL COMMENT '创建者',
  `create_date` datetime NOT NULL COMMENT '创建时间',
  `updater` bigint NOT NULL COMMENT '更新者',
  `update_date` datetime NOT NULL COMMENT '更新时间',
  `online_status` tinyint NULL DEFAULT NULL COMMENT '在线状态 0离线 1在线',
  PRIMARY KEY (`id`) USING BTREE,
  INDEX `fk_network_backup_agent`(`agent_id` ASC) USING BTREE,
  CONSTRAINT `fk_network_backup_agent` FOREIGN KEY (`agent_id`) REFERENCES `tb_network_backup_agent` (`id`) ON DELETE RESTRICT ON UPDATE RESTRICT
) ENGINE = InnoDB CHARACTER SET = utf8mb4 COLLATE = utf8mb4_0900_ai_ci COMMENT = '设备备份表' ROW_FORMAT = Dynamic;

-- ----------------------------
-- Records of bak_device_backup
-- ----------------------------

-- ----------------------------
-- Table structure for schedule_job
-- ----------------------------
DROP TABLE IF EXISTS `schedule_job`;
CREATE TABLE `schedule_job`  (
  `id` bigint NOT NULL COMMENT 'id',
  `bean_name` varchar(200) CHARACTER SET utf8mb4 COLLATE utf8mb4_0900_ai_ci NULL DEFAULT NULL COMMENT 'spring bean名称',
  `params` varchar(2000) CHARACTER SET utf8mb4 COLLATE utf8mb4_0900_ai_ci NULL DEFAULT NULL COMMENT '参数',
  `cron_expression` varchar(100) CHARACTER SET utf8mb4 COLLATE utf8mb4_0900_ai_ci NULL DEFAULT NULL COMMENT 'cron表达式',
  `status` tinyint UNSIGNED NULL DEFAULT NULL COMMENT '任务状态  0：暂停  1：正常',
  `remark` varchar(255) CHARACTER SET utf8mb4 COLLATE utf8mb4_0900_ai_ci NULL DEFAULT NULL COMMENT '备注',
  `creator` bigint NULL DEFAULT NULL COMMENT '创建者',
  `create_date` datetime NULL DEFAULT NULL COMMENT '创建时间',
  `updater` bigint NULL DEFAULT NULL COMMENT '更新者',
  `update_date` datetime NULL DEFAULT NULL COMMENT '更新时间',
  PRIMARY KEY (`id`) USING BTREE,
  INDEX `idx_create_date`(`create_date` ASC) USING BTREE
) ENGINE = InnoDB CHARACTER SET = utf8mb4 COLLATE = utf8mb4_0900_ai_ci COMMENT = '定时任务' ROW_FORMAT = Dynamic;

-- ----------------------------
-- Records of schedule_job
-- ----------------------------
INSERT INTO `schedule_job` VALUES (2016429000000000201, 'deviceBackupTask', '', '0 0 10 * * ?', 1, '网络设备备份每天10点', 1067246875800000001, '2026-01-29 15:36:19', 1067246875800000001, '2026-02-26 10:51:39');
INSERT INTO `schedule_job` VALUES (2016429000000000202, 'onlineStatusRefreshTask', '', '0 */5 * * * ?', 1, '在线状态刷新(5分钟)', 1067246875800000001, '2026-02-02 12:00:00', 1067246875800000001, '2026-02-02 12:00:00');
INSERT INTO `schedule_job` VALUES (2026022600010000101, 'zabbixNetworkHostSyncTask', '', '0 */10 * * * ?', 1, 'Zabbix网络设备同步(10分钟)', 1067246875800000001, '2026-02-27 00:22:34', 1067246875800000001, '2026-02-27 00:22:34');
INSERT INTO `schedule_job` VALUES (2026031200010000101, 'zabbixAlertAiWeeklyReportTask', '', '0 0 12 ? * FRI', 1, '网络设备周报每周五12点', 1067246875800000001, '2026-03-12 12:00:00', 1067246875800000001, '2026-03-12 12:00:00');
INSERT INTO `schedule_job` VALUES (2026031200010000102, 'prometheusServerWeeklyReportTask', '', '0 0 12 ? * FRI', 1, '服务主机周报每周五12点', 1067246875800000001, '2026-03-12 12:00:00', 1067246875800000001, '2026-03-12 12:00:00');
INSERT INTO `schedule_job` VALUES (2026031200010000103, 'prometheusHttpWeeklyReportTask', '', '0 0 12 ? * FRI', 1, '网络站点周报每周五12点', 1067246875800000001, '2026-03-12 12:00:00', 1067246875800000001, '2026-03-12 12:00:00');

-- ----------------------------
-- Table structure for schedule_job_log
-- ----------------------------
DROP TABLE IF EXISTS `schedule_job_log`;
CREATE TABLE `schedule_job_log`  (
  `id` bigint NOT NULL COMMENT 'id',
  `job_id` bigint NOT NULL COMMENT '任务id',
  `bean_name` varchar(200) CHARACTER SET utf8mb4 COLLATE utf8mb4_0900_ai_ci NULL DEFAULT NULL COMMENT 'spring bean名称',
  `params` varchar(2000) CHARACTER SET utf8mb4 COLLATE utf8mb4_0900_ai_ci NULL DEFAULT NULL COMMENT '参数',
  `status` tinyint UNSIGNED NOT NULL COMMENT '任务状态    0：失败    1：成功',
  `error` text CHARACTER SET utf8mb4 COLLATE utf8mb4_0900_ai_ci NULL COMMENT '失败信息',
  `times` int NOT NULL COMMENT '耗时(单位：毫秒)',
  `create_date` datetime NULL DEFAULT NULL COMMENT '创建时间',
  PRIMARY KEY (`id`) USING BTREE,
  INDEX `idx_job_id`(`job_id` ASC) USING BTREE,
  INDEX `idx_create_date`(`create_date` ASC) USING BTREE
) ENGINE = InnoDB CHARACTER SET = utf8mb4 COLLATE = utf8mb4_0900_ai_ci COMMENT = '定时任务日志' ROW_FORMAT = Dynamic;

-- ----------------------------
-- Records of schedule_job_log
-- ----------------------------

-- ----------------------------
-- Table structure for sys_dict_data
-- ----------------------------
DROP TABLE IF EXISTS `sys_dict_data`;
CREATE TABLE `sys_dict_data`  (
  `id` bigint NOT NULL COMMENT 'id',
  `dict_type_id` bigint NOT NULL COMMENT '字典类型ID',
  `dict_label` varchar(255) CHARACTER SET utf8mb4 COLLATE utf8mb4_0900_ai_ci NOT NULL COMMENT '字典标签',
  `dict_value` varchar(255) CHARACTER SET utf8mb4 COLLATE utf8mb4_0900_ai_ci NULL DEFAULT NULL COMMENT '字典值',
  `remark` varchar(255) CHARACTER SET utf8mb4 COLLATE utf8mb4_0900_ai_ci NULL DEFAULT NULL COMMENT '备注',
  `sort` int UNSIGNED NULL DEFAULT NULL COMMENT '排序',
  `creator` bigint NULL DEFAULT NULL COMMENT '创建者',
  `create_date` datetime NULL DEFAULT NULL COMMENT '创建时间',
  `updater` bigint NULL DEFAULT NULL COMMENT '更新者',
  `update_date` datetime NULL DEFAULT NULL COMMENT '更新时间',
  PRIMARY KEY (`id`) USING BTREE,
  UNIQUE INDEX `uk_dict_type_value`(`dict_type_id` ASC, `dict_value` ASC) USING BTREE,
  INDEX `idx_sort`(`sort` ASC) USING BTREE
) ENGINE = InnoDB CHARACTER SET = utf8mb4 COLLATE = utf8mb4_0900_ai_ci COMMENT = '字典数据' ROW_FORMAT = Dynamic;

-- ----------------------------
-- Records of sys_dict_data
-- ----------------------------
INSERT INTO `sys_dict_data` VALUES (1225814069634195457, 1225813644059140097, '公告', '0', '', 0, 1067246875800000001, '2026-01-28 10:56:16', 1067246875800000001, '2026-01-28 10:56:16');
INSERT INTO `sys_dict_data` VALUES (1225814107559092225, 1225813644059140097, '会议', '1', '', 1, 1067246875800000001, '2026-01-28 10:56:16', 1067246875800000001, '2026-01-28 10:56:16');
INSERT INTO `sys_dict_data` VALUES (1225814271879340034, 1225813644059140097, '其他', '2', '', 2, 1067246875800000001, '2026-01-28 10:56:16', 1067246875800000001, '2026-01-28 10:56:16');
INSERT INTO `sys_dict_data` VALUES (1260000000000000101, 1260000000000000100, 'ah', '安徽', '', 0, 1067246875800000001, '2026-01-28 17:20:17', 1067246875800000001, '2026-01-29 09:39:43');
INSERT INTO `sys_dict_data` VALUES (1260000000000000102, 1260000000000000100, 'js', '江苏', '', 1, 1067246875800000001, '2026-01-28 17:20:17', 1067246875800000001, '2026-01-29 09:39:46');
INSERT INTO `sys_dict_data` VALUES (1260000000000000103, 1260000000000000100, 'sz', '深圳', '', 2, 1067246875800000001, '2026-01-28 17:20:17', 1067246875800000001, '2026-02-02 17:35:26');
INSERT INTO `sys_dict_data` VALUES (1260000000000000104, 1260000000000000100, 'zq', '肇庆', '', 3, 1067246875800000001, '2026-01-28 17:20:17', 1067246875800000001, '2026-01-29 09:40:02');
INSERT INTO `sys_dict_data` VALUES (1260000000000000105, 1260000000000000100, 'hw', '海外', '', 4, 1067246875800000001, '2026-01-28 17:20:17', 1067246875800000001, '2026-01-29 09:40:06');
INSERT INTO `sys_dict_data` VALUES (1260000000000000201, 1260000000000000200, 'core', '核心网络设备', '', 0, 1067246875800000001, '2026-01-28 18:00:19', 1067246875800000001, '2026-01-29 09:39:34');
INSERT INTO `sys_dict_data` VALUES (1260000000000000202, 1260000000000000200, 'common', '普通网络设备', '', 1, 1067246875800000001, '2026-01-28 18:00:19', 1067246875800000001, '2026-01-29 09:39:37');
INSERT INTO `sys_dict_data` VALUES (1260000000000000301, 1260000000000000300, '00', '00.VMware', '', 0, 1067246875800000001, '2026-01-28 18:00:19', 1067246875800000001, '2026-01-29 09:39:28');
INSERT INTO `sys_dict_data` VALUES (1260000000000000302, 1260000000000000300, '01', '01.基础服务', '', 1, 1067246875800000001, '2026-01-28 18:00:19', 1067246875800000001, '2026-01-28 18:00:19');
INSERT INTO `sys_dict_data` VALUES (1260000000000000303, 1260000000000000300, '02', '02.安全运维', '', 2, 1067246875800000001, '2026-01-28 18:00:19', 1067246875800000001, '2026-01-28 18:00:19');
INSERT INTO `sys_dict_data` VALUES (1260000000000000304, 1260000000000000300, '03', '03.基础业务', '', 3, 1067246875800000001, '2026-01-28 18:00:19', 1067246875800000001, '2026-01-28 18:00:19');
INSERT INTO `sys_dict_data` VALUES (1260000000000000305, 1260000000000000300, '04', '04.供应链', '', 4, 1067246875800000001, '2026-01-28 18:00:19', 1067246875800000001, '2026-01-28 18:00:19');
INSERT INTO `sys_dict_data` VALUES (1260000000000000306, 1260000000000000300, '05', '05.销售', '', 5, 1067246875800000001, '2026-01-28 18:00:19', 1067246875800000001, '2026-01-28 18:00:19');
INSERT INTO `sys_dict_data` VALUES (1260000000000000307, 1260000000000000300, '06', '06.财务', '', 6, 1067246875800000001, '2026-01-28 18:00:19', 1067246875800000001, '2026-01-28 18:00:19');
INSERT INTO `sys_dict_data` VALUES (1260000000000000308, 1260000000000000300, '07', '07.研发', '', 7, 1067246875800000001, '2026-01-28 18:00:19', 1067246875800000001, '2026-01-28 18:00:19');
INSERT INTO `sys_dict_data` VALUES (1260000000000000401, 1260000000000000400, 'h3c', '华三', '', 0, 1067246875800000001, '2026-01-29 09:49:04', 1067246875800000001, '2026-02-02 11:20:52');
INSERT INTO `sys_dict_data` VALUES (1260000000000000402, 1260000000000000400, 'huawei', '华为', '', 1, 1067246875800000001, '2026-01-29 09:49:04', 1067246875800000001, '2026-02-02 11:20:57');
INSERT INTO `sys_dict_data` VALUES (1260000000000000403, 1260000000000000400, 'forti', '飞塔', '', 2, 1067246875800000001, '2026-01-29 09:49:04', 1067246875800000001, '2026-02-02 11:21:04');
INSERT INTO `sys_dict_data` VALUES (1260000000000000501, 1260000000000000500, 'ahl', '安徽理士', '', 0, 1067246875800000001, '2026-01-30 10:43:13', 1067246875800000001, '2026-01-30 10:43:13');
INSERT INTO `sys_dict_data` VALUES (1260000000000000502, 1260000000000000500, 'ahx', '安徽新能源', '', 1, 1067246875800000001, '2026-01-30 10:43:13', 1067246875800000001, '2026-02-01 21:29:42');
INSERT INTO `sys_dict_data` VALUES (1260000000000000503, 1260000000000000500, 'jsl', '江苏理士', '', 2, 1067246875800000001, '2026-01-30 10:43:13', 1067246875800000001, '2026-01-30 10:43:13');
INSERT INTO `sys_dict_data` VALUES (1260000000000000504, 1260000000000000500, 'szl', '深圳理士', '', 3, 1067246875800000001, '2026-01-30 10:43:13', 1067246875800000001, '2026-01-30 10:43:13');
INSERT INTO `sys_dict_data` VALUES (1260000000000000505, 1260000000000000500, 'zql', '肇庆理士', '', 4, 1067246875800000001, '2026-01-30 10:43:13', 1067246875800000001, '2026-01-30 10:43:13');
INSERT INTO `sys_dict_data` VALUES (1260000000000000506, 1260000000000000500, 'dgx', '东莞新能源', '', 5, 1067246875800000001, '2026-01-30 10:43:13', 1067246875800000001, '2026-02-01 21:29:55');
INSERT INTO `sys_dict_data` VALUES (1260000000000000507, 1260000000000000500, 'sgt', '新加坡', '', 6, 1067246875800000001, '2026-01-30 10:43:13', 1067246875800000001, '2026-02-01 21:40:50');
INSERT INTO `sys_dict_data` VALUES (1260000000000000508, 1260000000000000500, 'mll', '马来西亚工厂', '', 7, 1067246875800000001, '2026-01-30 10:43:13', 1067246875800000001, '2026-01-30 10:43:13');
INSERT INTO `sys_dict_data` VALUES (1260000000000000509, 1260000000000000500, 'vnl', '越南工厂', '', 8, 1067246875800000001, '2026-01-30 10:43:13', 1067246875800000001, '2026-01-30 10:43:13');
INSERT INTO `sys_dict_data` VALUES (1260000000000000510, 1260000000000000500, 'jsx', '江苏新能源', '', 9, 1067246875800000001, '2026-01-30 10:43:13', 1067246875800000001, '2026-02-01 13:36:05');
INSERT INTO `sys_dict_data` VALUES (1260000000000000511, 1260000000000000500, 'sdt', '顺德汤浅', '', 10, 1067246875800000001, '2026-01-30 10:43:13', 1067246875800000001, '2026-01-30 10:43:13');
INSERT INTO `sys_dict_data` VALUES (1260000000000000601, 1260000000000000600, 'Prometheus', 'Prometheus', '', 0, 1067246875800000001, '2026-01-30 17:33:12', 1067246875800000001, '2026-01-30 21:42:00');
INSERT INTO `sys_dict_data` VALUES (1260000000000000602, 1260000000000000600, 'VMAlert', 'VMAlert', '', 1, 1067246875800000001, '2026-01-30 17:33:12', 1067246875800000001, '2026-01-30 21:42:09');
INSERT INTO `sys_dict_data` VALUES (1260000000000000603, 1260000000000000600, 'Alertmanager', 'Alertmanager', '', 2, 1067246875800000001, '2026-01-30 17:33:12', 1067246875800000001, '2026-01-30 21:42:13');
INSERT INTO `sys_dict_data` VALUES (1260000000000000604, 1260000000000000600, 'VictoriaMetrics', 'VictoriaMetrics', '', 3, 1067246875800000001, '2026-01-30 17:33:12', 1067246875800000001, '2026-01-30 21:42:18');
INSERT INTO `sys_dict_data` VALUES (1260000000000000605, 1260000000000000600, 'BlackBox', 'BlackBox', '', 4, 1067246875800000001, '2026-01-30 17:33:12', 1067246875800000001, '2026-01-30 21:42:28');
INSERT INTO `sys_dict_data` VALUES (1260000000000000701, 1260000000000000700, 'Physical', '实体', '', 0, 1067246875800000001, '2026-02-04 06:45:32', 1067246875800000001, '2026-02-04 06:45:32');
INSERT INTO `sys_dict_data` VALUES (1260000000000000702, 1260000000000000700, 'VM', '虚拟', '', 1, 1067246875800000001, '2026-02-04 06:45:32', 1067246875800000001, '2026-02-04 06:45:32');
INSERT INTO `sys_dict_data` VALUES (2026949309472034817, 1260000000000000100, 'xs', '销售', '', 5, 1067246875800000001, '2026-02-26 17:15:49', 1067246875800000001, '2026-02-26 17:15:49');

-- ----------------------------
-- Table structure for sys_dict_type
-- ----------------------------
DROP TABLE IF EXISTS `sys_dict_type`;
CREATE TABLE `sys_dict_type`  (
  `id` bigint NOT NULL COMMENT 'id',
  `dict_type` varchar(100) CHARACTER SET utf8mb4 COLLATE utf8mb4_0900_ai_ci NOT NULL COMMENT '字典类型',
  `dict_name` varchar(255) CHARACTER SET utf8mb4 COLLATE utf8mb4_0900_ai_ci NOT NULL COMMENT '字典名称',
  `remark` varchar(255) CHARACTER SET utf8mb4 COLLATE utf8mb4_0900_ai_ci NULL DEFAULT NULL COMMENT '备注',
  `sort` int UNSIGNED NULL DEFAULT NULL COMMENT '排序',
  `creator` bigint NULL DEFAULT NULL COMMENT '创建者',
  `create_date` datetime NULL DEFAULT NULL COMMENT '创建时间',
  `updater` bigint NULL DEFAULT NULL COMMENT '更新者',
  `update_date` datetime NULL DEFAULT NULL COMMENT '更新时间',
  PRIMARY KEY (`id`) USING BTREE,
  UNIQUE INDEX `dict_type`(`dict_type` ASC) USING BTREE
) ENGINE = InnoDB CHARACTER SET = utf8mb4 COLLATE = utf8mb4_0900_ai_ci COMMENT = '字典类型' ROW_FORMAT = Dynamic;

-- ----------------------------
-- Records of sys_dict_type
-- ----------------------------
INSERT INTO `sys_dict_type` VALUES (1260000000000000100, 'area_name_type', '02.区域名称类型', '', 2, 1067246875800000001, '2026-01-28 17:20:17', 1067246875800000001, '2026-02-01 21:52:45');
INSERT INTO `sys_dict_type` VALUES (1260000000000000200, 'network_device_group', '06.网络设备分组', '', 6, 1067246875800000001, '2026-01-28 18:00:19', 1067246875800000001, '2026-02-01 21:48:11');
INSERT INTO `sys_dict_type` VALUES (1260000000000000300, 'server_host_group', '04.服务主机分组', '', 4, 1067246875800000001, '2026-01-28 18:00:19', 1067246875800000001, '2026-02-04 14:58:13');
INSERT INTO `sys_dict_type` VALUES (1260000000000000400, 'network_device_model', '05.网络设备型号', '', 5, 1067246875800000001, '2026-01-29 09:48:54', 1067246875800000001, '2026-02-01 21:50:58');
INSERT INTO `sys_dict_type` VALUES (1260000000000000500, 'base_site_location', '03.基地站点位置', '', 3, 1067246875800000001, '2026-01-30 10:43:13', 1067246875800000001, '2026-02-02 11:06:59');
INSERT INTO `sys_dict_type` VALUES (1260000000000000600, 'monitor_component_type', '01.监控组件类型', '', 1, 1067246875800000001, '2026-01-30 17:33:12', 1067246875800000001, '2026-02-01 21:47:04');
INSERT INTO `sys_dict_type` VALUES (1260000000000000700, 'server_machine_type', '07.服务主机类型', '', 7, 1067246875800000001, '2026-02-04 06:45:32', 1067246875800000001, '2026-02-04 06:45:32');

-- ----------------------------
-- Table structure for sys_log_error
-- ----------------------------
DROP TABLE IF EXISTS `sys_log_error`;
CREATE TABLE `sys_log_error`  (
  `id` bigint NOT NULL COMMENT 'id',
  `request_uri` varchar(200) CHARACTER SET utf8mb4 COLLATE utf8mb4_0900_ai_ci NULL DEFAULT NULL COMMENT '请求URI',
  `request_method` varchar(20) CHARACTER SET utf8mb4 COLLATE utf8mb4_0900_ai_ci NULL DEFAULT NULL COMMENT '请求方式',
  `request_params` text CHARACTER SET utf8mb4 COLLATE utf8mb4_0900_ai_ci NULL COMMENT '请求参数',
  `user_agent` varchar(500) CHARACTER SET utf8mb4 COLLATE utf8mb4_0900_ai_ci NULL DEFAULT NULL COMMENT '用户代理',
  `ip` varchar(32) CHARACTER SET utf8mb4 COLLATE utf8mb4_0900_ai_ci NULL DEFAULT NULL COMMENT '操作IP',
  `error_info` text CHARACTER SET utf8mb4 COLLATE utf8mb4_0900_ai_ci NULL COMMENT '异常信息',
  `creator` bigint NULL DEFAULT NULL COMMENT '创建者',
  `create_date` datetime NULL DEFAULT NULL COMMENT '创建时间',
  PRIMARY KEY (`id`) USING BTREE,
  INDEX `idx_create_date`(`create_date` ASC) USING BTREE
) ENGINE = InnoDB CHARACTER SET = utf8mb4 COLLATE = utf8mb4_0900_ai_ci COMMENT = '异常日志' ROW_FORMAT = Dynamic;

-- ----------------------------
-- Records of sys_log_error
-- ----------------------------

-- ----------------------------
-- Table structure for sys_log_login
-- ----------------------------
DROP TABLE IF EXISTS `sys_log_login`;
CREATE TABLE `sys_log_login`  (
  `id` bigint NOT NULL COMMENT 'id',
  `operation` tinyint UNSIGNED NULL DEFAULT NULL COMMENT '用户操作   0：用户登录   1：用户退出',
  `status` tinyint UNSIGNED NOT NULL COMMENT '状态  0：失败    1：成功    2：账号已锁定',
  `user_agent` varchar(500) CHARACTER SET utf8mb4 COLLATE utf8mb4_0900_ai_ci NULL DEFAULT NULL COMMENT '用户代理',
  `ip` varchar(32) CHARACTER SET utf8mb4 COLLATE utf8mb4_0900_ai_ci NULL DEFAULT NULL COMMENT '操作IP',
  `creator_name` varchar(50) CHARACTER SET utf8mb4 COLLATE utf8mb4_0900_ai_ci NULL DEFAULT NULL COMMENT '用户名',
  `creator` bigint NULL DEFAULT NULL COMMENT '创建者',
  `create_date` datetime NULL DEFAULT NULL COMMENT '创建时间',
  PRIMARY KEY (`id`) USING BTREE,
  INDEX `idx_status`(`status` ASC) USING BTREE,
  INDEX `idx_create_date`(`create_date` ASC) USING BTREE
) ENGINE = InnoDB CHARACTER SET = utf8mb4 COLLATE = utf8mb4_0900_ai_ci COMMENT = '登录日志' ROW_FORMAT = Dynamic;

-- ----------------------------
-- Records of sys_log_login
-- ----------------------------

-- ----------------------------
-- Table structure for sys_log_operation
-- ----------------------------
DROP TABLE IF EXISTS `sys_log_operation`;
CREATE TABLE `sys_log_operation`  (
  `id` bigint NOT NULL COMMENT 'id',
  `operation` varchar(50) CHARACTER SET utf8mb4 COLLATE utf8mb4_0900_ai_ci NULL DEFAULT NULL COMMENT '用户操作',
  `request_uri` varchar(200) CHARACTER SET utf8mb4 COLLATE utf8mb4_0900_ai_ci NULL DEFAULT NULL COMMENT '请求URI',
  `request_method` varchar(20) CHARACTER SET utf8mb4 COLLATE utf8mb4_0900_ai_ci NULL DEFAULT NULL COMMENT '请求方式',
  `request_params` text CHARACTER SET utf8mb4 COLLATE utf8mb4_0900_ai_ci NULL COMMENT '请求参数',
  `request_time` int UNSIGNED NOT NULL COMMENT '请求时长(毫秒)',
  `user_agent` varchar(500) CHARACTER SET utf8mb4 COLLATE utf8mb4_0900_ai_ci NULL DEFAULT NULL COMMENT '用户代理',
  `ip` varchar(32) CHARACTER SET utf8mb4 COLLATE utf8mb4_0900_ai_ci NULL DEFAULT NULL COMMENT '操作IP',
  `status` tinyint UNSIGNED NOT NULL COMMENT '状态  0：失败   1：成功',
  `creator_name` varchar(50) CHARACTER SET utf8mb4 COLLATE utf8mb4_0900_ai_ci NULL DEFAULT NULL COMMENT '用户名',
  `creator` bigint NULL DEFAULT NULL COMMENT '创建者',
  `create_date` datetime NULL DEFAULT NULL COMMENT '创建时间',
  PRIMARY KEY (`id`) USING BTREE,
  INDEX `idx_create_date`(`create_date` ASC) USING BTREE
) ENGINE = InnoDB CHARACTER SET = utf8mb4 COLLATE = utf8mb4_0900_ai_ci COMMENT = '操作日志' ROW_FORMAT = Dynamic;

-- ----------------------------
-- Records of sys_log_operation
-- ----------------------------

-- ----------------------------
-- Table structure for sys_menu
-- ----------------------------
DROP TABLE IF EXISTS `sys_menu`;
CREATE TABLE `sys_menu`  (
  `id` bigint NOT NULL COMMENT 'id',
  `pid` bigint NULL DEFAULT NULL COMMENT '上级ID，一级菜单为0',
  `name` varchar(200) CHARACTER SET utf8mb4 COLLATE utf8mb4_0900_ai_ci NULL DEFAULT NULL COMMENT '名称',
  `url` varchar(200) CHARACTER SET utf8mb4 COLLATE utf8mb4_0900_ai_ci NULL DEFAULT NULL COMMENT '菜单URL',
  `permissions` varchar(500) CHARACTER SET utf8mb4 COLLATE utf8mb4_0900_ai_ci NULL DEFAULT NULL COMMENT '授权(多个用逗号分隔，如：sys:user:list,sys:user:save)',
  `menu_type` tinyint UNSIGNED NULL DEFAULT NULL COMMENT '类型   0：菜单   1：按钮',
  `icon` varchar(50) CHARACTER SET utf8mb4 COLLATE utf8mb4_0900_ai_ci NULL DEFAULT NULL COMMENT '菜单图标',
  `sort` int NULL DEFAULT NULL COMMENT '排序',
  `creator` bigint NULL DEFAULT NULL COMMENT '创建者',
  `create_date` datetime NULL DEFAULT NULL COMMENT '创建时间',
  `updater` bigint NULL DEFAULT NULL COMMENT '更新者',
  `update_date` datetime NULL DEFAULT NULL COMMENT '更新时间',
  PRIMARY KEY (`id`) USING BTREE,
  INDEX `idx_pid`(`pid` ASC) USING BTREE,
  INDEX `idx_sort`(`sort` ASC) USING BTREE
) ENGINE = InnoDB CHARACTER SET = utf8mb4 COLLATE = utf8mb4_0900_ai_ci COMMENT = '菜单管理' ROW_FORMAT = Dynamic;

-- ----------------------------
-- Records of sys_menu
-- ----------------------------
INSERT INTO `sys_menu` VALUES (1067246875800000002, 1067246875800000055, '权限管理', NULL, NULL, 1, NULL, 99, 1067246875800000001, '2026-01-28 10:56:16', 1067246875800000001, '2026-02-26 03:50:56');
INSERT INTO `sys_menu` VALUES (1067246875800000005, 1067246875800000055, '删除', NULL, 'sys:user:delete', 1, NULL, 3, 1067246875800000001, '2026-01-28 10:56:16', 1067246875800000001, '2026-01-28 10:56:16');
INSERT INTO `sys_menu` VALUES (1067246875800000006, 1067246875800000055, '导出', NULL, 'sys:user:export', 1, NULL, 4, 1067246875800000001, '2026-01-28 10:56:16', 1067246875800000001, '2026-01-28 10:56:16');
INSERT INTO `sys_menu` VALUES (1067246875800000007, 1067246875800000055, '角色管理', NULL, NULL, 1, NULL, 90, 1067246875800000001, '2026-01-28 10:56:16', 1067246875800000001, '2026-02-26 03:50:56');
INSERT INTO `sys_menu` VALUES (1067246875800000008, 1067246875800000055, '查看', NULL, 'sys:role:page,sys:role:info', 1, NULL, 0, 1067246875800000001, '2026-01-28 10:56:16', 1067246875800000001, '2026-02-26 03:50:56');
INSERT INTO `sys_menu` VALUES (1067246875800000011, 1067246875800000055, '删除', NULL, 'sys:role:delete', 1, NULL, 3, 1067246875800000001, '2026-01-28 10:56:16', 1067246875800000001, '2026-02-26 03:50:56');
INSERT INTO `sys_menu` VALUES (1067246875800000025, 1067246875800000035, '系统管理', 'sys/menu', NULL, 0, 'icon-unorderedlist', 0, 1067246875800000001, '2026-01-28 10:56:16', 1067246875800000001, '2026-02-26 03:50:55');
INSERT INTO `sys_menu` VALUES (1067246875800000026, 1067246875800000025, '查看', NULL, 'sys:menu:list,sys:menu:info', 1, NULL, 0, 1067246875800000001, '2026-01-28 10:56:16', 1067246875800000001, '2026-01-28 10:56:16');
INSERT INTO `sys_menu` VALUES (1067246875800000027, 1067246875800000025, '新增', NULL, 'sys:menu:save', 1, NULL, 1, 1067246875800000001, '2026-01-28 10:56:16', 1067246875800000001, '2026-01-28 10:56:16');
INSERT INTO `sys_menu` VALUES (1067246875800000028, 1067246875800000025, '修改', NULL, 'sys:menu:update', 1, NULL, 2, 1067246875800000001, '2026-01-28 10:56:16', 1067246875800000001, '2026-01-28 10:56:16');
INSERT INTO `sys_menu` VALUES (1067246875800000029, 1067246875800000025, '删除', NULL, 'sys:menu:delete', 1, NULL, 3, 1067246875800000001, '2026-01-28 10:56:16', 1067246875800000001, '2026-01-28 10:56:16');
INSERT INTO `sys_menu` VALUES (1067246875800000030, 1067246875800000025, '定时任务', NULL, NULL, 1, NULL, 92, 1067246875800000001, '2026-01-28 10:56:16', 1067246875800000001, '2026-02-26 03:50:57');
INSERT INTO `sys_menu` VALUES (1067246875800000031, 1067246875800000025, '查看', NULL, 'sys:schedule:page,sys:schedule:info', 1, NULL, 0, 1067246875800000001, '2026-01-28 10:56:16', 1067246875800000001, '2026-02-26 03:50:57');
INSERT INTO `sys_menu` VALUES (1067246875800000032, 1067246875800000025, '新增', NULL, 'sys:schedule:save', 1, NULL, 1, 1067246875800000001, '2026-01-28 10:56:16', 1067246875800000001, '2026-02-26 03:50:57');
INSERT INTO `sys_menu` VALUES (1067246875800000033, 1067246875800000025, '修改', NULL, 'sys:schedule:update', 1, NULL, 2, 1067246875800000001, '2026-01-28 10:56:16', 1067246875800000001, '2026-02-26 03:50:57');
INSERT INTO `sys_menu` VALUES (1067246875800000034, 1067246875800000025, '删除', NULL, 'sys:schedule:delete', 1, NULL, 3, 1067246875800000001, '2026-01-28 10:56:16', 1067246875800000001, '2026-02-26 03:50:57');
INSERT INTO `sys_menu` VALUES (1067246875800000035, 0, '系统设置', NULL, NULL, 0, 'icon-setting', 3, 1067246875800000001, '2026-01-28 10:56:16', 1067246875800000001, '2026-01-29 15:56:12');
INSERT INTO `sys_menu` VALUES (1067246875800000036, 1067246875800000025, '暂停', NULL, 'sys:schedule:pause', 1, NULL, 4, 1067246875800000001, '2026-01-28 10:56:16', 1067246875800000001, '2026-02-26 03:50:57');
INSERT INTO `sys_menu` VALUES (1067246875800000037, 1067246875800000025, '恢复', NULL, 'sys:schedule:resume', 1, NULL, 5, 1067246875800000001, '2026-01-28 10:56:16', 1067246875800000001, '2026-02-26 03:50:57');
INSERT INTO `sys_menu` VALUES (1067246875800000038, 1067246875800000025, '立即执行', NULL, 'sys:schedule:run', 1, NULL, 6, 1067246875800000001, '2026-01-28 10:56:16', 1067246875800000001, '2026-02-26 03:50:57');
INSERT INTO `sys_menu` VALUES (1067246875800000039, 1067246875800000025, '日志列表', NULL, 'sys:schedule:log', 1, NULL, 7, 1067246875800000001, '2026-01-28 10:56:16', 1067246875800000001, '2026-02-26 03:50:57');
INSERT INTO `sys_menu` VALUES (1067246875800000040, 1067246875800000035, '参数管理', 'sys/params', '', 0, 'icon-fileprotect', 1, 1067246875800000001, '2026-01-28 10:56:16', 1067246875800000001, '2026-02-26 03:50:55');
INSERT INTO `sys_menu` VALUES (1067246875800000041, 1067246875800000025, '字典管理', NULL, NULL, 1, NULL, 91, 1067246875800000001, '2026-01-28 10:56:16', 1067246875800000001, '2026-02-26 03:50:57');
INSERT INTO `sys_menu` VALUES (1067246875800000042, 1067246875800000025, '查看', NULL, 'sys:dict:page,sys:dict:info', 1, NULL, 0, 1067246875800000001, '2026-01-28 10:56:16', 1067246875800000001, '2026-02-26 03:50:57');
INSERT INTO `sys_menu` VALUES (1067246875800000043, 1067246875800000025, '新增', NULL, 'sys:dict:save', 1, NULL, 1, 1067246875800000001, '2026-01-28 10:56:16', 1067246875800000001, '2026-02-26 03:50:57');
INSERT INTO `sys_menu` VALUES (1067246875800000044, 1067246875800000025, '修改', NULL, 'sys:dict:update', 1, NULL, 2, 1067246875800000001, '2026-01-28 10:56:16', 1067246875800000001, '2026-02-26 03:50:57');
INSERT INTO `sys_menu` VALUES (1067246875800000045, 1067246875800000025, '删除', NULL, 'sys:dict:delete', 1, NULL, 3, 1067246875800000001, '2026-01-28 10:56:16', 1067246875800000001, '2026-02-26 03:50:57');
INSERT INTO `sys_menu` VALUES (1067246875800000046, 1067246875800000048, '日志管理', NULL, NULL, 1, NULL, 99, 1067246875800000001, '2026-01-28 10:56:16', 1067246875800000001, '2026-02-26 03:50:58');
INSERT INTO `sys_menu` VALUES (1067246875800000048, 1067246875800000035, '日志管理', 'sys/log-login', 'sys:log:login', 0, 'icon-filedone', 3, 1067246875800000001, '2026-01-28 10:56:16', 1067246875800000001, '2026-02-26 03:50:56');
INSERT INTO `sys_menu` VALUES (1067246875800000049, 1067246875800000048, '操作日志', NULL, 'sys:log:operation', 1, NULL, 91, 1067246875800000001, '2026-01-28 10:56:16', 1067246875800000001, '2026-02-26 03:50:57');
INSERT INTO `sys_menu` VALUES (1067246875800000050, 1067246875800000048, '异常日志', NULL, 'sys:log:error', 1, NULL, 92, 1067246875800000001, '2026-01-28 10:56:16', 1067246875800000001, '2026-02-26 03:50:57');
INSERT INTO `sys_menu` VALUES (1067246875800000055, 1067246875800000035, '权限管理', 'sys/user', NULL, 0, 'icon-user', 2, 1067246875800000001, '2026-01-28 10:56:16', 1067246875800000001, '2026-02-26 03:50:55');
INSERT INTO `sys_menu` VALUES (1067246875800000056, 1067246875800000055, '查看', NULL, 'sys:user:page,sys:user:info', 1, NULL, 0, 1067246875800000001, '2026-01-28 10:56:16', 1067246875800000001, '2026-01-28 10:56:16');
INSERT INTO `sys_menu` VALUES (1067246875800000057, 1067246875800000040, '新增', NULL, 'sys:params:save', 1, NULL, 1, 1067246875800000001, '2026-01-28 10:56:16', 1067246875800000001, '2026-01-28 10:56:16');
INSERT INTO `sys_menu` VALUES (1067246875800000058, 1067246875800000040, '导出', NULL, 'sys:params:export', 1, NULL, 4, 1067246875800000001, '2026-01-28 10:56:16', 1067246875800000001, '2026-01-28 10:56:16');
INSERT INTO `sys_menu` VALUES (1067246875800000059, 1067246875800000040, '查看', '', 'sys:params:page,sys:params:info', 1, NULL, 0, 1067246875800000001, '2026-01-28 10:56:16', 1067246875800000001, '2026-01-28 10:56:16');
INSERT INTO `sys_menu` VALUES (1067246875800000060, 1067246875800000040, '修改', NULL, 'sys:params:update', 1, NULL, 2, 1067246875800000001, '2026-01-28 10:56:16', 1067246875800000001, '2026-01-28 10:56:16');
INSERT INTO `sys_menu` VALUES (1067246875800000061, 1067246875800000040, '删除', '', 'sys:params:delete', 1, '', 3, 1067246875800000001, '2026-01-28 10:56:16', 1067246875800000001, '2026-01-28 10:56:16');
INSERT INTO `sys_menu` VALUES (1900000000000000001, 0, '告警管理', NULL, NULL, 0, 'icon-bell', 1, 1067246875800000001, '2026-01-29 00:55:05', 1067246875800000001, '2026-01-29 15:56:01');
INSERT INTO `sys_menu` VALUES (1900000000000000101, 1900000000000000001, '告警媒介', 'alert/media', NULL, 0, 'icon-mail', 1, 1067246875800000001, '2026-01-29 00:55:05', 1067246875800000001, '2026-01-29 00:55:05');
INSERT INTO `sys_menu` VALUES (1900000000000000102, 1900000000000000001, '告警模板', 'alert/template', NULL, 0, 'icon-file-text', 2, 1067246875800000001, '2026-01-29 00:55:05', 1067246875800000001, '2026-01-29 00:55:05');
INSERT INTO `sys_menu` VALUES (1900000000000000103, 1900000000000000001, '告警触发器', 'alert/trigger', NULL, 0, 'icon-Partition', 3, 1067246875800000001, '2026-01-29 00:55:05', 1067246875800000001, '2026-01-29 08:43:46');
INSERT INTO `sys_menu` VALUES (1900000000000000104, 1900000000000000001, '告警记录', 'alert/record', NULL, 0, 'icon-notification', 4, 1067246875800000001, '2026-01-29 00:55:05', 1067246875800000001, '2026-01-29 00:55:05');
INSERT INTO `sys_menu` VALUES (1900000000000000201, 1900000000000000101, '查看', NULL, 'alert:media:page,alert:media:info', 1, NULL, 0, 1067246875800000001, '2026-01-29 00:55:05', 1067246875800000001, '2026-01-29 00:55:05');
INSERT INTO `sys_menu` VALUES (1900000000000000202, 1900000000000000101, '新增', NULL, 'alert:media:save', 1, NULL, 1, 1067246875800000001, '2026-01-29 00:55:05', 1067246875800000001, '2026-01-29 00:55:05');
INSERT INTO `sys_menu` VALUES (1900000000000000203, 1900000000000000101, '修改', NULL, 'alert:media:update', 1, NULL, 2, 1067246875800000001, '2026-01-29 00:55:05', 1067246875800000001, '2026-01-29 00:55:05');
INSERT INTO `sys_menu` VALUES (1900000000000000204, 1900000000000000101, '删除', NULL, 'alert:media:delete', 1, NULL, 3, 1067246875800000001, '2026-01-29 00:55:05', 1067246875800000001, '2026-01-29 00:55:05');
INSERT INTO `sys_menu` VALUES (1900000000000000205, 1900000000000000101, '测试', NULL, 'alert:media:test', 1, NULL, 4, 1067246875800000001, '2026-01-29 00:55:05', 1067246875800000001, '2026-01-29 00:55:05');
INSERT INTO `sys_menu` VALUES (1900000000000000301, 1900000000000000102, '查看', NULL, 'alert:template:page,alert:template:info', 1, NULL, 0, 1067246875800000001, '2026-01-29 00:55:05', 1067246875800000001, '2026-01-29 00:55:05');
INSERT INTO `sys_menu` VALUES (1900000000000000302, 1900000000000000102, '新增', NULL, 'alert:template:save', 1, NULL, 1, 1067246875800000001, '2026-01-29 00:55:05', 1067246875800000001, '2026-01-29 00:55:05');
INSERT INTO `sys_menu` VALUES (1900000000000000303, 1900000000000000102, '修改', NULL, 'alert:template:update', 1, NULL, 2, 1067246875800000001, '2026-01-29 00:55:05', 1067246875800000001, '2026-01-29 00:55:05');
INSERT INTO `sys_menu` VALUES (1900000000000000304, 1900000000000000102, '删除', NULL, 'alert:template:delete', 1, NULL, 3, 1067246875800000001, '2026-01-29 00:55:05', 1067246875800000001, '2026-01-29 00:55:05');
INSERT INTO `sys_menu` VALUES (1900000000000000305, 1900000000000000102, '测试', NULL, 'alert:template:test', 1, NULL, 4, 1067246875800000001, '2026-01-29 00:55:05', 1067246875800000001, '2026-01-29 00:55:05');
INSERT INTO `sys_menu` VALUES (1900000000000000401, 1900000000000000103, '查看', NULL, 'alert:trigger:page,alert:trigger:info', 1, NULL, 0, 1067246875800000001, '2026-01-29 00:55:05', 1067246875800000001, '2026-01-29 00:55:05');
INSERT INTO `sys_menu` VALUES (1900000000000000402, 1900000000000000103, '新增', NULL, 'alert:trigger:save', 1, NULL, 1, 1067246875800000001, '2026-01-29 00:55:05', 1067246875800000001, '2026-01-29 00:55:05');
INSERT INTO `sys_menu` VALUES (1900000000000000403, 1900000000000000103, '修改', NULL, 'alert:trigger:update', 1, NULL, 2, 1067246875800000001, '2026-01-29 00:55:05', 1067246875800000001, '2026-01-29 00:55:05');
INSERT INTO `sys_menu` VALUES (1900000000000000404, 1900000000000000103, '删除', NULL, 'alert:trigger:delete', 1, NULL, 3, 1067246875800000001, '2026-01-29 00:55:05', 1067246875800000001, '2026-01-29 00:55:05');
INSERT INTO `sys_menu` VALUES (1900000000000000501, 1900000000000000104, '查看', NULL, 'alert:record:page,alert:record:info', 1, NULL, 0, 1067246875800000001, '2026-01-29 00:55:05', 1067246875800000001, '2026-01-29 00:55:05');
INSERT INTO `sys_menu` VALUES (1900000000000000502, 1900000000000000104, '删除', NULL, 'alert:record:delete', 1, NULL, 1, 1067246875800000001, '2026-01-29 00:55:05', 1067246875800000001, '2026-01-29 00:55:05');
INSERT INTO `sys_menu` VALUES (2016424054654828545, 2016426590938480641, 'WIN设备管理', 'ops/windowhost', NULL, 0, 'icon-windows', 2, 1067246875800000001, '2026-01-28 16:19:01', 1067246875800000001, '2026-01-28 16:26:32');
INSERT INTO `sys_menu` VALUES (2016424054654828546, 2016424054654828545, '查看', NULL, 'ops:windowhost:page,ops:windowhost:info', 1, NULL, 0, 1067246875800000001, '2026-01-28 16:19:01', 1067246875800000001, '2026-01-28 16:19:01');
INSERT INTO `sys_menu` VALUES (2016424054654828547, 2016424054654828545, '新增', NULL, 'ops:windowhost:save', 1, NULL, 1, 1067246875800000001, '2026-01-28 16:19:01', 1067246875800000001, '2026-01-28 16:19:01');
INSERT INTO `sys_menu` VALUES (2016424054654828548, 2016424054654828545, '修改', NULL, 'ops:windowhost:update', 1, NULL, 2, 1067246875800000001, '2026-01-28 16:19:01', 1067246875800000001, '2026-01-28 16:19:01');
INSERT INTO `sys_menu` VALUES (2016424054654828549, 2016424054654828545, '删除', NULL, 'ops:windowhost:delete', 1, NULL, 3, 1067246875800000001, '2026-01-28 16:19:01', 1067246875800000001, '2026-01-28 16:19:01');
INSERT INTO `sys_menu` VALUES (2016424054654828550, 2016424054654828545, '导出', NULL, 'ops:windowhost:export', 1, NULL, 4, 1067246875800000001, '2026-01-28 16:19:01', 1067246875800000001, '2026-01-28 16:19:01');
INSERT INTO `sys_menu` VALUES (2016424054856155138, 2016429000000000301, '网络备份节点管理', 'ops/backupagent', NULL, 0, 'icon-sisternode', 0, 1067246875800000001, '2026-01-28 16:19:01', 1067246875800000001, '2026-01-28 16:53:21');
INSERT INTO `sys_menu` VALUES (2016424054856155139, 2016424054856155138, '查看', NULL, 'ops:network-backup-agent:page,ops:network-backup-agent:info', 1, NULL, 0, 1067246875800000001, '2026-01-28 16:19:01', 1067246875800000001, '2026-01-28 16:19:01');
INSERT INTO `sys_menu` VALUES (2016424054856155140, 2016424054856155138, '新增', NULL, 'ops:network-backup-agent:save', 1, NULL, 1, 1067246875800000001, '2026-01-28 16:19:01', 1067246875800000001, '2026-01-28 16:19:01');
INSERT INTO `sys_menu` VALUES (2016424054856155141, 2016424054856155138, '修改', NULL, 'ops:network-backup-agent:update', 1, NULL, 2, 1067246875800000001, '2026-01-28 16:19:01', 1067246875800000001, '2026-01-28 16:19:01');
INSERT INTO `sys_menu` VALUES (2016424054856155142, 2016424054856155138, '删除', NULL, 'ops:network-backup-agent:delete', 1, NULL, 3, 1067246875800000001, '2026-01-28 16:19:01', 1067246875800000001, '2026-01-28 16:19:01');
INSERT INTO `sys_menu` VALUES (2016424054856155143, 2016424054856155138, '导出', NULL, 'ops:network-backup-agent:export', 1, NULL, 4, 1067246875800000001, '2026-01-28 16:19:01', 1067246875800000001, '2026-01-28 16:19:01');
INSERT INTO `sys_menu` VALUES (2016424054986178562, 2016426590938480641, '网络站点管理', 'ops/businesssystem', NULL, 0, 'icon-file-text', 3, 1067246875800000001, '2026-01-28 16:19:01', 1067246875800000001, '2026-02-28 14:10:44');
INSERT INTO `sys_menu` VALUES (2016424054986178563, 2016424054986178562, '查看', NULL, 'ops:businesssystem:page,ops:businesssystem:info', 1, NULL, 0, 1067246875800000001, '2026-01-28 16:19:01', 1067246875800000001, '2026-01-28 16:19:01');
INSERT INTO `sys_menu` VALUES (2016424054986178564, 2016424054986178562, '新增', NULL, 'ops:businesssystem:save', 1, NULL, 1, 1067246875800000001, '2026-01-28 16:19:01', 1067246875800000001, '2026-01-28 16:19:01');
INSERT INTO `sys_menu` VALUES (2016424054986178565, 2016424054986178562, '修改', NULL, 'ops:businesssystem:update', 1, NULL, 2, 1067246875800000001, '2026-01-28 16:19:01', 1067246875800000001, '2026-01-28 16:19:01');
INSERT INTO `sys_menu` VALUES (2016424054986178566, 2016424054986178562, '删除', NULL, 'ops:businesssystem:delete', 1, NULL, 3, 1067246875800000001, '2026-01-28 16:19:01', 1067246875800000001, '2026-01-28 16:19:01');
INSERT INTO `sys_menu` VALUES (2016424054986178567, 2016424054986178562, '导出', NULL, 'ops:businesssystem:export', 1, NULL, 4, 1067246875800000001, '2026-01-28 16:19:01', 1067246875800000001, '2026-01-28 16:19:01');
INSERT INTO `sys_menu` VALUES (2016426590938480641, 0, '设备管理', '', '', 0, 'icon-wrench-fill', 0, 1067246875800000001, '2026-01-28 16:22:17', 1067246875800000001, '2026-01-29 15:55:52');
INSERT INTO `sys_menu` VALUES (2016427449415434242, 2016426590938480641, 'LNX设备管理', 'ops/linuxhost', NULL, 0, 'icon-cloud-server', 1, 1067246875800000001, '2026-01-28 16:51:24', 1067246875800000001, '2026-02-28 14:10:13');
INSERT INTO `sys_menu` VALUES (2016427449415434243, 2016427449415434242, '查看', NULL, 'ops:linuxhost:page,ops:linuxhost:info', 1, NULL, 0, 1067246875800000001, '2026-01-28 16:51:24', 1067246875800000001, '2026-01-28 16:51:24');
INSERT INTO `sys_menu` VALUES (2016427449415434244, 2016427449415434242, '新增', NULL, 'ops:linuxhost:save', 1, NULL, 1, 1067246875800000001, '2026-01-28 16:51:24', 1067246875800000001, '2026-01-28 16:51:24');
INSERT INTO `sys_menu` VALUES (2016427449415434245, 2016427449415434242, '修改', NULL, 'ops:linuxhost:update', 1, NULL, 2, 1067246875800000001, '2026-01-28 16:51:24', 1067246875800000001, '2026-01-28 16:51:24');
INSERT INTO `sys_menu` VALUES (2016427449415434246, 2016427449415434242, '删除', NULL, 'ops:linuxhost:delete', 1, NULL, 3, 1067246875800000001, '2026-01-28 16:51:24', 1067246875800000001, '2026-01-28 16:51:24');
INSERT INTO `sys_menu` VALUES (2016427449415434247, 2016427449415434242, '导出', NULL, 'ops:linuxhost:export', 1, NULL, 4, 1067246875800000001, '2026-01-28 16:51:24', 1067246875800000001, '2026-01-28 16:51:24');
INSERT INTO `sys_menu` VALUES (2016427449415434248, 2016424054654828545, '导入', NULL, 'ops:windowhost:import', 1, NULL, 5, 1067246875800000001, '2026-01-28 17:37:22', 1067246875800000001, '2026-01-28 17:37:22');
INSERT INTO `sys_menu` VALUES (2016427449415434249, 2016424054654828545, '下载模板', NULL, 'ops:windowhost:template', 1, NULL, 6, 1067246875800000001, '2026-01-28 17:37:22', 1067246875800000001, '2026-01-28 17:37:22');
INSERT INTO `sys_menu` VALUES (2016427449415434250, 2016427449415434242, '导入', NULL, 'ops:linuxhost:import', 1, NULL, 5, 1067246875800000001, '2026-01-28 17:37:22', 1067246875800000001, '2026-01-28 17:37:22');
INSERT INTO `sys_menu` VALUES (2016427449415434251, 2016427449415434242, '下载模板', NULL, 'ops:linuxhost:template', 1, NULL, 6, 1067246875800000001, '2026-01-28 17:37:22', 1067246875800000001, '2026-01-28 17:37:22');
INSERT INTO `sys_menu` VALUES (2016427449415434252, 2016424054986178562, '导入', NULL, 'ops:businesssystem:import', 1, NULL, 5, 1067246875800000001, '2026-01-28 17:37:22', 1067246875800000001, '2026-01-28 17:37:22');
INSERT INTO `sys_menu` VALUES (2016427449415434253, 2016424054986178562, '下载模板', NULL, 'ops:businesssystem:template', 1, NULL, 6, 1067246875800000001, '2026-01-28 17:37:22', 1067246875800000001, '2026-01-28 17:37:22');
INSERT INTO `sys_menu` VALUES (2016427449415434256, 2016424054856155138, '导入', NULL, 'ops:network-backup-agent:import', 1, NULL, 5, 1067246875800000001, '2026-01-28 17:37:22', 1067246875800000001, '2026-01-28 17:37:22');
INSERT INTO `sys_menu` VALUES (2016427449415434257, 2016424054856155138, '下载模板', NULL, 'ops:network-backup-agent:template', 1, NULL, 6, 1067246875800000001, '2026-01-28 17:37:22', 1067246875800000001, '2026-01-28 17:37:22');
INSERT INTO `sys_menu` VALUES (2016429000000000001, 2016429000000000301, '网络设备备份记录', 'ops/devicebackup-record', NULL, 0, 'icon-filedone', 2, 1067246875800000001, '2026-01-29 15:31:45', 1067246875800000001, '2026-01-29 15:31:45');
INSERT INTO `sys_menu` VALUES (2016429000000000101, 2016429000000000001, '查看', NULL, 'ops:network-device-backup-record:page,ops:network-device-backup-record:info', 1, NULL, 0, 1067246875800000001, '2026-01-29 15:31:45', 1067246875800000001, '2026-01-29 15:31:45');
INSERT INTO `sys_menu` VALUES (2016429000000000102, 2016429000000000001, '删除', NULL, 'ops:network-device-backup-record:delete', 1, NULL, 1, 1067246875800000001, '2026-01-29 15:31:45', 1067246875800000001, '2026-01-29 15:31:45');
INSERT INTO `sys_menu` VALUES (2016429000000000103, 2016429000000000001, '历史', NULL, 'ops:network-device-backup-record:history', 1, NULL, 2, 1067246875800000001, '2026-01-29 18:16:58', 1067246875800000001, '2026-01-29 18:16:58');
INSERT INTO `sys_menu` VALUES (2016429000000000104, 2016429000000000001, '对比', NULL, 'ops:network-device-backup-record:diff', 1, NULL, 3, 1067246875800000001, '2026-01-29 18:16:58', 1067246875800000001, '2026-01-29 18:16:58');
INSERT INTO `sys_menu` VALUES (2016429000000000105, 2016429000000000001, '预览', NULL, 'ops:network-device-backup-record:preview', 1, NULL, 4, 1067246875800000001, '2026-01-29 18:24:15', 1067246875800000001, '2026-01-29 18:24:15');
INSERT INTO `sys_menu` VALUES (2016429000000000106, 2016429000000000001, '下载', NULL, 'ops:network-device-backup-record:download', 1, NULL, 5, 1067246875800000001, '2026-01-29 19:32:40', 1067246875800000001, '2026-01-29 19:32:40');
INSERT INTO `sys_menu` VALUES (2016429000000000301, 0, '备份管理', NULL, NULL, 0, 'icon-filesync', 2, 1067246875800000001, '2026-01-29 15:52:39', 1067246875800000001, '2026-01-29 15:56:48');
INSERT INTO `sys_menu` VALUES (2026022600010000001, 2016426590938480641, '网络设备管理', 'ops/networkhost', NULL, 0, 'icon-Partition', 5, 1067246875800000001, '2026-02-27 00:21:55', 1067246875800000001, '2026-02-27 08:52:50');
INSERT INTO `sys_menu` VALUES (2026022600010000002, 2026022600010000001, '查看', NULL, 'ops:networkhost:page', 1, NULL, 0, 1067246875800000001, '2026-02-27 00:21:56', 1067246875800000001, '2026-02-27 00:21:56');
INSERT INTO `sys_menu` VALUES (2100000000000000101, 2016426590938480641, '监控组件管理', 'monitor/component', NULL, 0, 'icon-project', 0, 1067246875800000001, '2026-01-30 17:33:44', 1067246875800000001, '2026-01-30 17:33:44');
INSERT INTO `sys_menu` VALUES (2100000000000000102, 2100000000000000101, '查看', NULL, 'ops:monitorcomponent:page,ops:monitorcomponent:info', 1, NULL, 0, 1067246875800000001, '2026-01-30 17:33:44', 1067246875800000001, '2026-01-30 17:33:44');
INSERT INTO `sys_menu` VALUES (2100000000000000103, 2100000000000000101, '新增', NULL, 'ops:monitorcomponent:save', 1, NULL, 1, 1067246875800000001, '2026-01-30 17:33:44', 1067246875800000001, '2026-01-30 17:33:44');
INSERT INTO `sys_menu` VALUES (2100000000000000104, 2100000000000000101, '修改', NULL, 'ops:monitorcomponent:update', 1, NULL, 2, 1067246875800000001, '2026-01-30 17:33:44', 1067246875800000001, '2026-01-30 17:33:44');
INSERT INTO `sys_menu` VALUES (2100000000000000105, 2100000000000000101, '删除', NULL, 'ops:monitorcomponent:delete', 1, NULL, 3, 1067246875800000001, '2026-01-30 17:33:44', 1067246875800000001, '2026-01-30 17:33:44');
INSERT INTO `sys_menu` VALUES (2100000000000000106, 2100000000000000101, '探测', NULL, 'ops:monitorcomponent:probe', 1, NULL, 4, 1067246875800000001, '2026-01-30 17:33:44', 1067246875800000001, '2026-01-30 17:33:44');
INSERT INTO `sys_menu` VALUES (2100000000000000107, 2100000000000000101, '版本检测', NULL, 'ops:monitorcomponent:version', 1, NULL, 5, 1067246875800000001, '2026-01-30 17:33:44', 1067246875800000001, '2026-01-30 17:33:44');

-- ----------------------------
-- Table structure for sys_params
-- ----------------------------
DROP TABLE IF EXISTS `sys_params`;
CREATE TABLE `sys_params`  (
  `id` bigint NOT NULL COMMENT 'id',
  `param_code` varchar(32) CHARACTER SET utf8mb4 COLLATE utf8mb4_0900_ai_ci NULL DEFAULT NULL COMMENT '参数编码',
  `param_value` varchar(2000) CHARACTER SET utf8mb4 COLLATE utf8mb4_0900_ai_ci NULL DEFAULT NULL COMMENT '参数值',
  `param_type` tinyint UNSIGNED NULL DEFAULT 1 COMMENT '类型   0：系统参数   1：非系统参数',
  `remark` varchar(200) CHARACTER SET utf8mb4 COLLATE utf8mb4_0900_ai_ci NULL DEFAULT NULL COMMENT '备注',
  `creator` bigint NULL DEFAULT NULL COMMENT '创建者',
  `create_date` datetime NULL DEFAULT NULL COMMENT '创建时间',
  `updater` bigint NULL DEFAULT NULL COMMENT '更新者',
  `update_date` datetime NULL DEFAULT NULL COMMENT '更新时间',
  PRIMARY KEY (`id`) USING BTREE,
  UNIQUE INDEX `uk_param_code`(`param_code` ASC) USING BTREE,
  INDEX `idx_create_date`(`create_date` ASC) USING BTREE
) ENGINE = InnoDB CHARACTER SET = utf8mb4 COLLATE = utf8mb4_0900_ai_ci COMMENT = '参数管理' ROW_FORMAT = Dynamic;

-- ----------------------------
-- Records of sys_params
-- ----------------------------

-- ----------------------------
-- Table structure for sys_role
-- ----------------------------
DROP TABLE IF EXISTS `sys_role`;
CREATE TABLE `sys_role`  (
  `id` bigint NOT NULL COMMENT 'id',
  `name` varchar(50) CHARACTER SET utf8mb4 COLLATE utf8mb4_0900_ai_ci NULL DEFAULT NULL COMMENT '角色名称',
  `remark` varchar(100) CHARACTER SET utf8mb4 COLLATE utf8mb4_0900_ai_ci NULL DEFAULT NULL COMMENT '备注',
  `creator` bigint NULL DEFAULT NULL COMMENT '创建者',
  `create_date` datetime NULL DEFAULT NULL COMMENT '创建时间',
  `updater` bigint NULL DEFAULT NULL COMMENT '更新者',
  `update_date` datetime NULL DEFAULT NULL COMMENT '更新时间',
  PRIMARY KEY (`id`) USING BTREE
) ENGINE = InnoDB CHARACTER SET = utf8mb4 COLLATE = utf8mb4_0900_ai_ci COMMENT = '角色管理' ROW_FORMAT = Dynamic;

-- ----------------------------
-- Records of sys_role
-- ----------------------------
INSERT INTO `sys_role` VALUES (2016354427531419649, '普通用户', '', 1067246875800000001, '2026-01-28 11:35:32', 1067246875800000001, '2026-02-24 17:15:18');

-- ----------------------------
-- Table structure for sys_role_menu
-- ----------------------------
DROP TABLE IF EXISTS `sys_role_menu`;
CREATE TABLE `sys_role_menu`  (
  `id` bigint NOT NULL COMMENT 'id',
  `role_id` bigint NULL DEFAULT NULL COMMENT '角色ID',
  `menu_id` bigint NULL DEFAULT NULL COMMENT '菜单ID',
  `creator` bigint NULL DEFAULT NULL COMMENT '创建者',
  `create_date` datetime NULL DEFAULT NULL COMMENT '创建时间',
  PRIMARY KEY (`id`) USING BTREE,
  INDEX `idx_role_id`(`role_id` ASC) USING BTREE,
  INDEX `idx_menu_id`(`menu_id` ASC) USING BTREE
) ENGINE = InnoDB CHARACTER SET = utf8mb4 COLLATE = utf8mb4_0900_ai_ci COMMENT = '角色菜单关系' ROW_FORMAT = Dynamic;

-- ----------------------------
-- Records of sys_role_menu
-- ----------------------------
INSERT INTO `sys_role_menu` VALUES (2026224423388684290, 2016354427531419649, 2016426590938480641, 1067246875800000001, '2026-02-24 17:15:23');
INSERT INTO `sys_role_menu` VALUES (2026224423778754561, 2016354427531419649, 2100000000000000101, 1067246875800000001, '2026-02-24 17:15:23');
INSERT INTO `sys_role_menu` VALUES (2026224424105910274, 2016354427531419649, 2100000000000000102, 1067246875800000001, '2026-02-24 17:15:23');
INSERT INTO `sys_role_menu` VALUES (2026224424500174850, 2016354427531419649, 2100000000000000103, 1067246875800000001, '2026-02-24 17:15:23');
INSERT INTO `sys_role_menu` VALUES (2026224424823136257, 2016354427531419649, 2100000000000000104, 1067246875800000001, '2026-02-24 17:15:23');
INSERT INTO `sys_role_menu` VALUES (2026224425217400834, 2016354427531419649, 2100000000000000105, 1067246875800000001, '2026-02-24 17:15:23');
INSERT INTO `sys_role_menu` VALUES (2026224425536167938, 2016354427531419649, 2100000000000000106, 1067246875800000001, '2026-02-24 17:15:23');
INSERT INTO `sys_role_menu` VALUES (2026224425926238210, 2016354427531419649, 2100000000000000107, 1067246875800000001, '2026-02-24 17:15:23');
INSERT INTO `sys_role_menu` VALUES (2026224429197795329, 2016354427531419649, 2016427449415434242, 1067246875800000001, '2026-02-24 17:15:24');
INSERT INTO `sys_role_menu` VALUES (2026224429520756738, 2016354427531419649, 2016427449415434243, 1067246875800000001, '2026-02-24 17:15:24');
INSERT INTO `sys_role_menu` VALUES (2026224429915021313, 2016354427531419649, 2016427449415434244, 1067246875800000001, '2026-02-24 17:15:24');
INSERT INTO `sys_role_menu` VALUES (2026224430296702978, 2016354427531419649, 2016427449415434245, 1067246875800000001, '2026-02-24 17:15:24');
INSERT INTO `sys_role_menu` VALUES (2026224430623858689, 2016354427531419649, 2016427449415434246, 1067246875800000001, '2026-02-24 17:15:24');
INSERT INTO `sys_role_menu` VALUES (2026224431005540354, 2016354427531419649, 2016427449415434247, 1067246875800000001, '2026-02-24 17:15:25');
INSERT INTO `sys_role_menu` VALUES (2026224431320113154, 2016354427531419649, 2016427449415434250, 1067246875800000001, '2026-02-24 17:15:25');
INSERT INTO `sys_role_menu` VALUES (2026224431697600513, 2016354427531419649, 2016427449415434251, 1067246875800000001, '2026-02-24 17:15:25');
INSERT INTO `sys_role_menu` VALUES (2026224432066699265, 2016354427531419649, 2016424054654828545, 1067246875800000001, '2026-02-24 17:15:25');
INSERT INTO `sys_role_menu` VALUES (2026224432460963841, 2016354427531419649, 2016424054654828546, 1067246875800000001, '2026-02-24 17:15:25');
INSERT INTO `sys_role_menu` VALUES (2026224432872005634, 2016354427531419649, 2016424054654828547, 1067246875800000001, '2026-02-24 17:15:25');
INSERT INTO `sys_role_menu` VALUES (2026224433220132865, 2016354427531419649, 2016424054654828548, 1067246875800000001, '2026-02-24 17:15:25');
INSERT INTO `sys_role_menu` VALUES (2026224433568260098, 2016354427531419649, 2016424054654828549, 1067246875800000001, '2026-02-24 17:15:25');
INSERT INTO `sys_role_menu` VALUES (2026224433949941761, 2016354427531419649, 2016424054654828550, 1067246875800000001, '2026-02-24 17:15:25');
INSERT INTO `sys_role_menu` VALUES (2026224434302263298, 2016354427531419649, 2016427449415434248, 1067246875800000001, '2026-02-24 17:15:25');
INSERT INTO `sys_role_menu` VALUES (2026224434675556353, 2016354427531419649, 2016427449415434249, 1067246875800000001, '2026-02-24 17:15:25');
INSERT INTO `sys_role_menu` VALUES (2026224435036266498, 2016354427531419649, 2016424054986178562, 1067246875800000001, '2026-02-24 17:15:25');
INSERT INTO `sys_role_menu` VALUES (2026224435380199425, 2016354427531419649, 2016424054986178563, 1067246875800000001, '2026-02-24 17:15:26');
INSERT INTO `sys_role_menu` VALUES (2026224435736715265, 2016354427531419649, 2016424054986178564, 1067246875800000001, '2026-02-24 17:15:26');
INSERT INTO `sys_role_menu` VALUES (2026224436059676673, 2016354427531419649, 2016424054986178565, 1067246875800000001, '2026-02-24 17:15:26');
INSERT INTO `sys_role_menu` VALUES (2026224436474912770, 2016354427531419649, 2016424054986178566, 1067246875800000001, '2026-02-24 17:15:26');
INSERT INTO `sys_role_menu` VALUES (2026224436806262785, 2016354427531419649, 2016424054986178567, 1067246875800000001, '2026-02-24 17:15:26');
INSERT INTO `sys_role_menu` VALUES (2026224437158584321, 2016354427531419649, 2016427449415434252, 1067246875800000001, '2026-02-24 17:15:26');
INSERT INTO `sys_role_menu` VALUES (2026224437544460289, 2016354427531419649, 2016427449415434253, 1067246875800000001, '2026-02-24 17:15:26');
INSERT INTO `sys_role_menu` VALUES (2026224437926141954, 2016354427531419649, 1900000000000000001, 1067246875800000001, '2026-02-24 17:15:26');
INSERT INTO `sys_role_menu` VALUES (2026224438312017921, 2016354427531419649, 1900000000000000101, 1067246875800000001, '2026-02-24 17:15:26');
INSERT INTO `sys_role_menu` VALUES (2026224438651756546, 2016354427531419649, 1900000000000000201, 1067246875800000001, '2026-02-24 17:15:26');
INSERT INTO `sys_role_menu` VALUES (2026224439054409729, 2016354427531419649, 1900000000000000202, 1067246875800000001, '2026-02-24 17:15:26');
INSERT INTO `sys_role_menu` VALUES (2026224439364788226, 2016354427531419649, 1900000000000000203, 1067246875800000001, '2026-02-24 17:15:27');
INSERT INTO `sys_role_menu` VALUES (2026224439750664194, 2016354427531419649, 1900000000000000204, 1067246875800000001, '2026-02-24 17:15:27');
INSERT INTO `sys_role_menu` VALUES (2026224440128151554, 2016354427531419649, 1900000000000000205, 1067246875800000001, '2026-02-24 17:15:27');
INSERT INTO `sys_role_menu` VALUES (2026224440459501570, 2016354427531419649, 1900000000000000102, 1067246875800000001, '2026-02-24 17:15:27');
INSERT INTO `sys_role_menu` VALUES (2026224440841183233, 2016354427531419649, 1900000000000000301, 1067246875800000001, '2026-02-24 17:15:27');
INSERT INTO `sys_role_menu` VALUES (2026224441185116161, 2016354427531419649, 1900000000000000302, 1067246875800000001, '2026-02-24 17:15:27');
INSERT INTO `sys_role_menu` VALUES (2026224441587769345, 2016354427531419649, 1900000000000000303, 1067246875800000001, '2026-02-24 17:15:27');
INSERT INTO `sys_role_menu` VALUES (2026224441961062402, 2016354427531419649, 1900000000000000304, 1067246875800000001, '2026-02-24 17:15:27');
INSERT INTO `sys_role_menu` VALUES (2026224442292412417, 2016354427531419649, 1900000000000000305, 1067246875800000001, '2026-02-24 17:15:27');
INSERT INTO `sys_role_menu` VALUES (2026224442686676994, 2016354427531419649, 1900000000000000103, 1067246875800000001, '2026-02-24 17:15:27');
INSERT INTO `sys_role_menu` VALUES (2026224443047387137, 2016354427531419649, 1900000000000000401, 1067246875800000001, '2026-02-24 17:15:27');
INSERT INTO `sys_role_menu` VALUES (2026224443399708673, 2016354427531419649, 1900000000000000402, 1067246875800000001, '2026-02-24 17:15:27');
INSERT INTO `sys_role_menu` VALUES (2026224443714281473, 2016354427531419649, 1900000000000000403, 1067246875800000001, '2026-02-24 17:15:28');
INSERT INTO `sys_role_menu` VALUES (2026224444116934657, 2016354427531419649, 1900000000000000404, 1067246875800000001, '2026-02-24 17:15:28');
INSERT INTO `sys_role_menu` VALUES (2026224444452478977, 2016354427531419649, 1900000000000000104, 1067246875800000001, '2026-02-24 17:15:28');
INSERT INTO `sys_role_menu` VALUES (2026224444779634690, 2016354427531419649, 1900000000000000501, 1067246875800000001, '2026-02-24 17:15:28');
INSERT INTO `sys_role_menu` VALUES (2026224445190676482, 2016354427531419649, 1900000000000000502, 1067246875800000001, '2026-02-24 17:15:28');
INSERT INTO `sys_role_menu` VALUES (2026224445509443585, 2016354427531419649, 2016429000000000301, 1067246875800000001, '2026-02-24 17:15:28');
INSERT INTO `sys_role_menu` VALUES (2026224445891125250, 2016354427531419649, 2016424054856155138, 1067246875800000001, '2026-02-24 17:15:28');
INSERT INTO `sys_role_menu` VALUES (2026224446214086657, 2016354427531419649, 2016424054856155139, 1067246875800000001, '2026-02-24 17:15:28');
INSERT INTO `sys_role_menu` VALUES (2026224446562213889, 2016354427531419649, 2016424054856155140, 1067246875800000001, '2026-02-24 17:15:28');
INSERT INTO `sys_role_menu` VALUES (2026224446969061377, 2016354427531419649, 2016424054856155141, 1067246875800000001, '2026-02-24 17:15:28');
INSERT INTO `sys_role_menu` VALUES (2026224447317188610, 2016354427531419649, 2016424054856155142, 1067246875800000001, '2026-02-24 17:15:28');
INSERT INTO `sys_role_menu` VALUES (2026224447669510146, 2016354427531419649, 2016424054856155143, 1067246875800000001, '2026-02-24 17:15:29');
INSERT INTO `sys_role_menu` VALUES (2026224448017637377, 2016354427531419649, 2016427449415434256, 1067246875800000001, '2026-02-24 17:15:29');
INSERT INTO `sys_role_menu` VALUES (2026224448395124737, 2016354427531419649, 2016427449415434257, 1067246875800000001, '2026-02-24 17:15:29');
INSERT INTO `sys_role_menu` VALUES (2026224448785195009, 2016354427531419649, 2016429000000000001, 1067246875800000001, '2026-02-24 17:15:29');
INSERT INTO `sys_role_menu` VALUES (2026224449112350721, 2016354427531419649, 2016429000000000101, 1067246875800000001, '2026-02-24 17:15:29');
INSERT INTO `sys_role_menu` VALUES (2026224449376591874, 2016354427531419649, 2016429000000000102, 1067246875800000001, '2026-02-24 17:15:29');
INSERT INTO `sys_role_menu` VALUES (2026224449829576705, 2016354427531419649, 2016429000000000103, 1067246875800000001, '2026-02-24 17:15:29');
INSERT INTO `sys_role_menu` VALUES (2026224450232229890, 2016354427531419649, 2016429000000000104, 1067246875800000001, '2026-02-24 17:15:29');
INSERT INTO `sys_role_menu` VALUES (2026224450597134338, 2016354427531419649, 2016429000000000105, 1067246875800000001, '2026-02-24 17:15:29');
INSERT INTO `sys_role_menu` VALUES (2026224450920095745, 2016354427531419649, 2016429000000000106, 1067246875800000001, '2026-02-24 17:15:29');

-- ----------------------------
-- Table structure for sys_role_user
-- ----------------------------
DROP TABLE IF EXISTS `sys_role_user`;
CREATE TABLE `sys_role_user`  (
  `id` bigint NOT NULL COMMENT 'id',
  `role_id` bigint NULL DEFAULT NULL COMMENT '角色ID',
  `user_id` bigint NULL DEFAULT NULL COMMENT '用户ID',
  `creator` bigint NULL DEFAULT NULL COMMENT '创建者',
  `create_date` datetime NULL DEFAULT NULL COMMENT '创建时间',
  PRIMARY KEY (`id`) USING BTREE,
  INDEX `idx_role_id`(`role_id` ASC) USING BTREE,
  INDEX `idx_user_id`(`user_id` ASC) USING BTREE
) ENGINE = InnoDB CHARACTER SET = utf8mb4 COLLATE = utf8mb4_0900_ai_ci COMMENT = '角色用户关系' ROW_FORMAT = Dynamic;

-- ----------------------------
-- Records of sys_role_user
-- ----------------------------
INSERT INTO `sys_role_user` VALUES (2017960912990121985, 2016354427531419649, 2016354214011985921, 1067246875800000001, '2026-02-01 21:59:08');

-- ----------------------------
-- Table structure for sys_user
-- ----------------------------
DROP TABLE IF EXISTS `sys_user`;
CREATE TABLE `sys_user`  (
  `id` bigint NOT NULL COMMENT 'id',
  `username` varchar(50) CHARACTER SET utf8mb4 COLLATE utf8mb4_0900_ai_ci NOT NULL COMMENT '用户名',
  `password` varchar(100) CHARACTER SET utf8mb4 COLLATE utf8mb4_0900_ai_ci NULL DEFAULT NULL COMMENT '密码',
  `real_name` varchar(50) CHARACTER SET utf8mb4 COLLATE utf8mb4_0900_ai_ci NULL DEFAULT NULL COMMENT '姓名',
  `head_url` varchar(200) CHARACTER SET utf8mb4 COLLATE utf8mb4_0900_ai_ci NULL DEFAULT NULL COMMENT '头像',
  `gender` tinyint UNSIGNED NULL DEFAULT NULL COMMENT '性别   0：男   1：女    2：保密',
  `email` varchar(100) CHARACTER SET utf8mb4 COLLATE utf8mb4_0900_ai_ci NULL DEFAULT NULL COMMENT '邮箱',
  `mobile` varchar(100) CHARACTER SET utf8mb4 COLLATE utf8mb4_0900_ai_ci NULL DEFAULT NULL COMMENT '手机号',
  `super_admin` tinyint UNSIGNED NULL DEFAULT NULL COMMENT '超级管理员   0：否   1：是',
  `status` tinyint NULL DEFAULT NULL COMMENT '状态  0：停用   1：正常',
  `creator` bigint NULL DEFAULT NULL COMMENT '创建者',
  `create_date` datetime NULL DEFAULT NULL COMMENT '创建时间',
  `updater` bigint NULL DEFAULT NULL COMMENT '更新者',
  `update_date` datetime NULL DEFAULT NULL COMMENT '更新时间',
  PRIMARY KEY (`id`) USING BTREE,
  UNIQUE INDEX `uk_username`(`username` ASC) USING BTREE,
  INDEX `idx_create_date`(`create_date` ASC) USING BTREE
) ENGINE = InnoDB CHARACTER SET = utf8mb4 COLLATE = utf8mb4_0900_ai_ci COMMENT = '系统用户' ROW_FORMAT = Dynamic;

-- ----------------------------
-- Records of sys_user
-- ----------------------------
INSERT INTO `sys_user` VALUES (1067246875800000001, 'admin', '$2a$10$012Kx2ba5jzqr9gLlG4MX.bnQJTD9UWqF57XDo2N3.fPtLne02u/m', '管理员', NULL, 0, 'gangan@gmail.com', '13612345678', 1, 1, 1067246875800000001, '2026-01-28 10:56:16', 1067246875800000001, '2026-01-28 10:56:16');

-- ----------------------------
-- Table structure for sys_user_token
-- ----------------------------
DROP TABLE IF EXISTS `sys_user_token`;
CREATE TABLE `sys_user_token`  (
  `id` bigint NOT NULL COMMENT 'id',
  `user_id` bigint NOT NULL COMMENT '用户id',
  `token` varchar(100) CHARACTER SET utf8mb4 COLLATE utf8mb4_0900_ai_ci NOT NULL COMMENT '用户token',
  `expire_date` datetime NULL DEFAULT NULL COMMENT '过期时间',
  `update_date` datetime NULL DEFAULT NULL COMMENT '更新时间',
  `create_date` datetime NULL DEFAULT NULL COMMENT '创建时间',
  PRIMARY KEY (`id`) USING BTREE,
  UNIQUE INDEX `user_id`(`user_id` ASC) USING BTREE,
  UNIQUE INDEX `token`(`token` ASC) USING BTREE
) ENGINE = InnoDB CHARACTER SET = utf8mb4 COLLATE = utf8mb4_0900_ai_ci COMMENT = '系统用户Token' ROW_FORMAT = Dynamic;

-- ----------------------------
-- Records of sys_user_token
-- ----------------------------
INSERT INTO `sys_user_token` VALUES (2016345628166840321, 1067246875800000001, 'vDFBPSptJ7uYLP12IABtZoIYjGVXJPtb', '2026-02-08 20:41:34', '2026-02-08 08:41:34', '2026-01-28 11:00:34');
INSERT INTO `sys_user_token` VALUES (2016439377614057473, 2016354214011985921, '70b639abd31096e125366aa4e0e451c6', '2026-01-30 19:57:47', '2026-01-30 07:57:47', '2026-01-28 17:13:06');

-- ----------------------------
-- Table structure for tb_alert_media
-- ----------------------------
DROP TABLE IF EXISTS `tb_alert_media`;
CREATE TABLE `tb_alert_media`  (
  `id` bigint NOT NULL,
  `name` varchar(100) CHARACTER SET utf8mb4 COLLATE utf8mb4_0900_ai_ci NOT NULL COMMENT '媒介名称',
  `host` varchar(200) CHARACTER SET utf8mb4 COLLATE utf8mb4_0900_ai_ci NULL DEFAULT NULL COMMENT 'SMTP Host',
  `port` int NULL DEFAULT NULL COMMENT '端口',
  `username` varchar(200) CHARACTER SET utf8mb4 COLLATE utf8mb4_0900_ai_ci NULL DEFAULT NULL COMMENT '用户名',
  `password` varchar(200) CHARACTER SET utf8mb4 COLLATE utf8mb4_0900_ai_ci NULL DEFAULT NULL COMMENT '密码',
  `protocol` varchar(50) CHARACTER SET utf8mb4 COLLATE utf8mb4_0900_ai_ci NULL DEFAULT NULL COMMENT '协议',
  `smtp_auth` tinyint NULL DEFAULT NULL COMMENT 'SMTP认证',
  `starttls_enable` tinyint NULL DEFAULT NULL COMMENT 'STARTTLS',
  `tls_enable` tinyint NULL DEFAULT NULL COMMENT 'TLS/SSL',
  `from_addr` varchar(200) CHARACTER SET utf8mb4 COLLATE utf8mb4_0900_ai_ci NULL DEFAULT NULL COMMENT '发件人',
  `status` tinyint NULL DEFAULT NULL COMMENT '状态 0禁用 1启用',
  `creator` bigint NULL DEFAULT NULL COMMENT '创建者',
  `create_date` datetime NULL DEFAULT NULL COMMENT '创建时间',
  `updater` bigint NULL DEFAULT NULL COMMENT '更新者',
  `update_date` datetime NULL DEFAULT NULL COMMENT '更新时间',
  PRIMARY KEY (`id`) USING BTREE
) ENGINE = InnoDB CHARACTER SET = utf8mb4 COLLATE = utf8mb4_0900_ai_ci COMMENT = '告警媒介' ROW_FORMAT = Dynamic;

-- ----------------------------
-- Records of tb_alert_media
-- ----------------------------

-- ----------------------------
-- Table structure for tb_alert_notify_log
-- ----------------------------
DROP TABLE IF EXISTS `tb_alert_notify_log`;
CREATE TABLE `tb_alert_notify_log`  (
  `id` bigint NOT NULL,
  `record_id` bigint NULL DEFAULT NULL COMMENT '告警记录ID',
  `alert_name` varchar(200) CHARACTER SET utf8mb4 COLLATE utf8mb4_0900_ai_ci NULL DEFAULT NULL COMMENT '告警名',
  `instance` varchar(200) CHARACTER SET utf8mb4 COLLATE utf8mb4_0900_ai_ci NULL DEFAULT NULL COMMENT '实例',
  `severity` varchar(50) CHARACTER SET utf8mb4 COLLATE utf8mb4_0900_ai_ci NULL DEFAULT NULL COMMENT '严重性',
  `media_name` varchar(100) CHARACTER SET utf8mb4 COLLATE utf8mb4_0900_ai_ci NULL DEFAULT NULL COMMENT '媒介名称',
  `receivers` varchar(1000) CHARACTER SET utf8mb4 COLLATE utf8mb4_0900_ai_ci NULL DEFAULT NULL COMMENT '接收人',
  `send_status` tinyint NULL DEFAULT NULL COMMENT '发送状态 1成功 0失败',
  `error_message` varchar(500) CHARACTER SET utf8mb4 COLLATE utf8mb4_0900_ai_ci NULL DEFAULT NULL COMMENT '失败原因',
  `send_time` datetime NULL DEFAULT NULL COMMENT '发送时间',
  PRIMARY KEY (`id`) USING BTREE,
  INDEX `idx_record_send_time`(`record_id` ASC, `send_time` ASC) USING BTREE
) ENGINE = InnoDB CHARACTER SET = utf8mb4 COLLATE = utf8mb4_0900_ai_ci COMMENT = '告警发送日志' ROW_FORMAT = Dynamic;

-- ----------------------------
-- Records of tb_alert_notify_log
-- ----------------------------

-- ----------------------------
-- Table structure for tb_alert_record
-- ----------------------------
DROP TABLE IF EXISTS `tb_alert_record`;
CREATE TABLE `tb_alert_record`  (
  `id` bigint NOT NULL,
  `alert_name` varchar(200) CHARACTER SET utf8mb4 COLLATE utf8mb4_0900_ai_ci NULL DEFAULT NULL COMMENT '告警名称',
  `status` varchar(20) CHARACTER SET utf8mb4 COLLATE utf8mb4_0900_ai_ci NULL DEFAULT NULL COMMENT '告警状态',
  `severity` varchar(50) CHARACTER SET utf8mb4 COLLATE utf8mb4_0900_ai_ci NULL DEFAULT NULL COMMENT '级别',
  `instance` varchar(200) CHARACTER SET utf8mb4 COLLATE utf8mb4_0900_ai_ci NULL DEFAULT NULL COMMENT '实例',
  `summary` varchar(500) CHARACTER SET utf8mb4 COLLATE utf8mb4_0900_ai_ci NULL DEFAULT NULL COMMENT '摘要',
  `description` text CHARACTER SET utf8mb4 COLLATE utf8mb4_0900_ai_ci NULL COMMENT '描述',
  `starts_at` datetime NULL DEFAULT NULL COMMENT '开始时间',
  `ends_at` datetime NULL DEFAULT NULL COMMENT '结束时间',
  `receiver` varchar(200) CHARACTER SET utf8mb4 COLLATE utf8mb4_0900_ai_ci NULL DEFAULT NULL COMMENT '接收器',
  `alert_group` varchar(100) CHARACTER SET utf8mb4 COLLATE utf8mb4_0900_ai_ci NULL DEFAULT NULL COMMENT '告警组(alertgroup标签)',
  `fingerprint` varchar(64) CHARACTER SET utf8mb4 COLLATE utf8mb4_0900_ai_ci NULL DEFAULT NULL COMMENT 'Alertmanager fingerprint',
  `raw_json` longtext CHARACTER SET utf8mb4 COLLATE utf8mb4_0900_ai_ci NULL COMMENT '原始JSON',
  `closed` tinyint NULL DEFAULT 0 COMMENT '是否关闭 0否 1是',
  `suppressed_until` datetime NULL DEFAULT NULL COMMENT '抑制截止时间',
  `creator` bigint NULL DEFAULT NULL COMMENT '创建者',
  `create_date` datetime NULL DEFAULT NULL COMMENT '创建时间',
  `updater` bigint NULL DEFAULT NULL COMMENT '更新者',
  `update_date` datetime NULL DEFAULT NULL COMMENT '更新时间',
  PRIMARY KEY (`id`) USING BTREE,
  INDEX `idx_alert_group`(`alert_group` ASC) USING BTREE,
  INDEX `idx_fingerprint`(`fingerprint` ASC) USING BTREE
) ENGINE = InnoDB CHARACTER SET = utf8mb4 COLLATE = utf8mb4_0900_ai_ci COMMENT = '告警记录' ROW_FORMAT = Dynamic;

-- ----------------------------
-- Records of tb_alert_record
-- ----------------------------

-- ----------------------------
-- Table structure for tb_alert_record_action
-- ----------------------------
DROP TABLE IF EXISTS `tb_alert_record_action`;
CREATE TABLE `tb_alert_record_action`  (
  `id` bigint NOT NULL,
  `record_id` bigint NOT NULL COMMENT '告警记录ID',
  `action` varchar(100) CHARACTER SET utf8mb4 COLLATE utf8mb4_0900_ai_ci NULL DEFAULT NULL COMMENT '操作动作',
  `message` varchar(500) CHARACTER SET utf8mb4 COLLATE utf8mb4_0900_ai_ci NULL DEFAULT NULL COMMENT '消息',
  `details` text CHARACTER SET utf8mb4 COLLATE utf8mb4_0900_ai_ci NULL COMMENT '附加详情',
  `creator` bigint NULL DEFAULT NULL COMMENT '创建者',
  `create_date` datetime NULL DEFAULT NULL COMMENT '创建时间',
  `updater` bigint NULL DEFAULT NULL COMMENT '更新者',
  `update_date` datetime NULL DEFAULT NULL COMMENT '更新时间',
  PRIMARY KEY (`id`) USING BTREE,
  INDEX `idx_record_id`(`record_id` ASC) USING BTREE
) ENGINE = InnoDB CHARACTER SET = utf8mb4 COLLATE = utf8mb4_0900_ai_ci COMMENT = '告警记录操作历史' ROW_FORMAT = Dynamic;

-- ----------------------------
-- Records of tb_alert_record_action
-- ----------------------------

-- ----------------------------
-- Table structure for tb_alert_template
-- ----------------------------
DROP TABLE IF EXISTS `tb_alert_template`;
CREATE TABLE `tb_alert_template`  (
  `id` bigint NOT NULL,
  `name` varchar(100) CHARACTER SET utf8mb4 COLLATE utf8mb4_0900_ai_ci NOT NULL COMMENT '模板名称',
  `email_subject` varchar(200) CHARACTER SET utf8mb4 COLLATE utf8mb4_0900_ai_ci NULL DEFAULT NULL COMMENT '主题',
  `email_html` text CHARACTER SET utf8mb4 COLLATE utf8mb4_0900_ai_ci NULL COMMENT 'HTML内容',
  `status` tinyint NULL DEFAULT NULL COMMENT '状态 0禁用 1启用',
  `creator` bigint NULL DEFAULT NULL COMMENT '创建者',
  `create_date` datetime NULL DEFAULT NULL COMMENT '创建时间',
  `updater` bigint NULL DEFAULT NULL COMMENT '更新者',
  `update_date` datetime NULL DEFAULT NULL COMMENT '更新时间',
  PRIMARY KEY (`id`) USING BTREE
) ENGINE = InnoDB CHARACTER SET = utf8mb4 COLLATE = utf8mb4_0900_ai_ci COMMENT = '告警模板' ROW_FORMAT = Dynamic;

-- ----------------------------
-- Records of tb_alert_template
-- ----------------------------

-- ----------------------------
-- Table structure for tb_alert_trigger
-- ----------------------------
DROP TABLE IF EXISTS `tb_alert_trigger`;
CREATE TABLE `tb_alert_trigger`  (
  `id` bigint NOT NULL,
  `name` varchar(100) CHARACTER SET utf8mb4 COLLATE utf8mb4_0900_ai_ci NOT NULL COMMENT '触发器名称',
  `template_id` bigint NULL DEFAULT NULL COMMENT '模板ID',
  `media_id` bigint NULL DEFAULT NULL COMMENT '媒介ID',
  `receiver_user_ids` text CHARACTER SET utf8mb4 COLLATE utf8mb4_0900_ai_ci NULL COMMENT '接收用户ID列表',
  `severity` varchar(50) CHARACTER SET utf8mb4 COLLATE utf8mb4_0900_ai_ci NULL DEFAULT NULL COMMENT '告警级别(逗号分隔)',
  `match_labels` text CHARACTER SET utf8mb4 COLLATE utf8mb4_0900_ai_ci NULL COMMENT '匹配标签(JSON)',
  `status` tinyint NULL DEFAULT NULL COMMENT '状态 0禁用 1启用',
  `creator` bigint NULL DEFAULT NULL COMMENT '创建者',
  `create_date` datetime NULL DEFAULT NULL COMMENT '创建时间',
  `updater` bigint NULL DEFAULT NULL COMMENT '更新者',
  `update_date` datetime NULL DEFAULT NULL COMMENT '更新时间',
  PRIMARY KEY (`id`) USING BTREE
) ENGINE = InnoDB CHARACTER SET = utf8mb4 COLLATE = utf8mb4_0900_ai_ci COMMENT = '告警触发器' ROW_FORMAT = Dynamic;

-- ----------------------------
-- Records of tb_alert_trigger
-- ----------------------------

-- ----------------------------
-- Table structure for tb_network_backup_agent
-- ----------------------------
DROP TABLE IF EXISTS `tb_network_backup_agent`;
CREATE TABLE `tb_network_backup_agent`  (
  `id` bigint NOT NULL COMMENT '主键ID',
  `instance` varchar(50) CHARACTER SET utf8mb4 COLLATE utf8mb4_0900_ai_ci NOT NULL COMMENT '地址',
  `name` varchar(100) CHARACTER SET utf8mb4 COLLATE utf8mb4_0900_ai_ci NULL DEFAULT NULL COMMENT '名称',
  `area_name` varchar(100) CHARACTER SET utf8mb4 COLLATE utf8mb4_0900_ai_ci NULL DEFAULT NULL COMMENT '区域名称',
  `token` varchar(50) CHARACTER SET utf8mb4 COLLATE utf8mb4_0900_ai_ci NOT NULL COMMENT 'Token',
  `status` tinyint NOT NULL DEFAULT 1 COMMENT '状态 0禁用 1启用',
  `creator` bigint NOT NULL COMMENT '创建者',
  `create_date` datetime NOT NULL COMMENT '创建时间',
  `updater` bigint NOT NULL COMMENT '更新者',
  `update_date` datetime NOT NULL COMMENT '更新时间',
  `online_status` tinyint NULL DEFAULT NULL COMMENT '在线状态 0离线 1在线',
  PRIMARY KEY (`id`) USING BTREE
) ENGINE = InnoDB CHARACTER SET = utf8mb4 COLLATE = utf8mb4_0900_ai_ci COMMENT = '网络备份节点表' ROW_FORMAT = Dynamic;

-- ----------------------------
-- Records of tb_network_backup_agent
-- ----------------------------

-- ----------------------------
-- Table structure for tb_business_system
-- ----------------------------
DROP TABLE IF EXISTS `tb_business_system`;
CREATE TABLE `tb_business_system`  (
  `id` bigint NOT NULL COMMENT '主键ID',
  `instance` varchar(50) CHARACTER SET utf8mb4 COLLATE utf8mb4_0900_ai_ci NOT NULL COMMENT '地址',
  `name` varchar(50) CHARACTER SET utf8mb4 COLLATE utf8mb4_0900_ai_ci NOT NULL COMMENT '名称',
  `area_name` varchar(50) CHARACTER SET utf8mb4 COLLATE utf8mb4_0900_ai_ci NOT NULL COMMENT '区域名称',
  `site_location` varchar(100) CHARACTER SET utf8mb4 COLLATE utf8mb4_0900_ai_ci NULL DEFAULT NULL COMMENT '站点位置',
  `menu_name` varchar(50) CHARACTER SET utf8mb4 COLLATE utf8mb4_0900_ai_ci NOT NULL COMMENT '分组名称',
  `status` tinyint NOT NULL DEFAULT 1 COMMENT '状态 0禁用 1启用',
  `creator` bigint NOT NULL COMMENT '创建者',
  `create_date` datetime NOT NULL COMMENT '创建时间',
  `updater` bigint NOT NULL COMMENT '更新者',
  `update_date` datetime NOT NULL COMMENT '更新时间',
  `online_status` tinyint NULL DEFAULT NULL COMMENT '在线状态 0离线 1在线',
  PRIMARY KEY (`id`) USING BTREE
) ENGINE = InnoDB CHARACTER SET = utf8mb4 COLLATE = utf8mb4_0900_ai_ci COMMENT = '业务系统表' ROW_FORMAT = Dynamic;

-- ----------------------------
-- Records of tb_business_system
-- ----------------------------

-- ----------------------------
-- Table structure for tb_network_device_backup_history
-- ----------------------------
DROP TABLE IF EXISTS `tb_network_device_backup_history`;
CREATE TABLE `tb_network_device_backup_history`  (
  `id` bigint NOT NULL COMMENT '主键',
  `name` varchar(255) CHARACTER SET utf8mb4 COLLATE utf8mb4_0900_ai_ci NOT NULL COMMENT '主机名',
  `ip` varchar(50) CHARACTER SET utf8mb4 COLLATE utf8mb4_0900_ai_ci NOT NULL COMMENT 'IP',
  `url` varchar(255) CHARACTER SET utf8mb4 COLLATE utf8mb4_0900_ai_ci NOT NULL COMMENT '备份url',
  `backup_time` datetime NOT NULL COMMENT '备份时间',
  `backup_status` int NOT NULL COMMENT '备份状态（1已完成/0异常）',
  PRIMARY KEY (`id`) USING BTREE
) ENGINE = InnoDB CHARACTER SET = utf8mb4 COLLATE = utf8mb4_0900_ai_ci COMMENT = '网络设备备份历史表' ROW_FORMAT = Dynamic;

-- ----------------------------
-- Records of tb_network_device_backup_history
-- ----------------------------

-- ----------------------------
-- Table structure for tb_network_device_backup_record
-- ----------------------------
DROP TABLE IF EXISTS `tb_network_device_backup_record`;
CREATE TABLE `tb_network_device_backup_record`  (
  `id` bigint NOT NULL COMMENT '主键',
  `name` varchar(255) CHARACTER SET utf8mb4 COLLATE utf8mb4_0900_ai_ci NOT NULL COMMENT '主机名',
  `ip` varchar(50) CHARACTER SET utf8mb4 COLLATE utf8mb4_0900_ai_ci NOT NULL COMMENT 'IP',
  `url` varchar(255) CHARACTER SET utf8mb4 COLLATE utf8mb4_0900_ai_ci NOT NULL COMMENT '备份url',
  `last_backup_time` datetime NOT NULL COMMENT '最后备份时间',
  `last_backup_status` int NOT NULL COMMENT '最后备份状态（1已完成/0异常）',
  `backup_num` int NULL DEFAULT 0 COMMENT '备份次数',
  PRIMARY KEY (`id`) USING BTREE
) ENGINE = InnoDB CHARACTER SET = utf8mb4 COLLATE = utf8mb4_0900_ai_ci COMMENT = '网络设备备份信息表' ROW_FORMAT = Dynamic;

-- ----------------------------
-- Records of tb_network_device_backup_record
-- ----------------------------

-- ----------------------------
-- Table structure for tb_linux_host
-- ----------------------------
DROP TABLE IF EXISTS `tb_linux_host`;
CREATE TABLE `tb_linux_host`  (
  `id` bigint NOT NULL COMMENT '主键ID',
  `instance` varchar(50) CHARACTER SET utf8mb4 COLLATE utf8mb4_0900_ai_ci NOT NULL COMMENT '地址',
  `name` varchar(50) CHARACTER SET utf8mb4 COLLATE utf8mb4_0900_ai_ci NOT NULL COMMENT '名称',
  `area_name` varchar(50) CHARACTER SET utf8mb4 COLLATE utf8mb4_0900_ai_ci NOT NULL COMMENT '区域名称',
  `site_location` varchar(100) CHARACTER SET utf8mb4 COLLATE utf8mb4_0900_ai_ci NULL DEFAULT NULL COMMENT '站点位置',
  `menu_name` varchar(50) CHARACTER SET utf8mb4 COLLATE utf8mb4_0900_ai_ci NOT NULL COMMENT '分组名称',
  `type` varchar(50) CHARACTER SET utf8mb4 COLLATE utf8mb4_0900_ai_ci NULL DEFAULT NULL COMMENT '主机类型',
  `status` tinyint NOT NULL DEFAULT 1 COMMENT '状态 0禁用 1启用',
  `creator` bigint NOT NULL COMMENT '创建者',
  `create_date` datetime NOT NULL COMMENT '创建时间',
  `updater` bigint NOT NULL COMMENT '更新者',
  `update_date` datetime NOT NULL COMMENT '更新时间',
  `online_status` tinyint NULL DEFAULT NULL COMMENT '在线状态 0离线 1在线',
  PRIMARY KEY (`id`) USING BTREE
) ENGINE = InnoDB CHARACTER SET = utf8mb4 COLLATE = utf8mb4_0900_ai_ci COMMENT = 'Linux主机表' ROW_FORMAT = Dynamic;

-- ----------------------------
-- Records of tb_linux_host
-- ----------------------------

-- ----------------------------
-- Table structure for tb_monitor_component
-- ----------------------------
DROP TABLE IF EXISTS `tb_monitor_component`;
CREATE TABLE `tb_monitor_component`  (
  `id` bigint NOT NULL COMMENT '主键',
  `name` varchar(100) CHARACTER SET utf8mb4 COLLATE utf8mb4_0900_ai_ci NOT NULL COMMENT '名称',
  `type` varchar(50) CHARACTER SET utf8mb4 COLLATE utf8mb4_0900_ai_ci NOT NULL COMMENT '类型',
  `ip` varchar(50) CHARACTER SET utf8mb4 COLLATE utf8mb4_0900_ai_ci NOT NULL COMMENT 'IP',
  `port` int NULL DEFAULT NULL COMMENT '端口',
  `web_url` varchar(255) CHARACTER SET utf8mb4 COLLATE utf8mb4_0900_ai_ci NULL DEFAULT NULL COMMENT 'Web地址',
  `online_status` int NULL DEFAULT NULL COMMENT '在线状态 0离线 1在线',
  `version` varchar(50) CHARACTER SET utf8mb4 COLLATE utf8mb4_0900_ai_ci NULL DEFAULT NULL COMMENT '当前版本',
  `latest_version` varchar(50) CHARACTER SET utf8mb4 COLLATE utf8mb4_0900_ai_ci NULL DEFAULT NULL COMMENT '最新版本',
  `update_available` int NULL DEFAULT NULL COMMENT '是否可更新 0否 1是',
  `last_check_time` datetime NULL DEFAULT NULL COMMENT '最后检测时间',
  `creator` bigint NOT NULL COMMENT '创建者',
  `create_date` datetime NOT NULL COMMENT '创建时间',
  `updater` bigint NOT NULL COMMENT '更新者',
  `update_date` datetime NOT NULL COMMENT '更新时间',
  PRIMARY KEY (`id`) USING BTREE
) ENGINE = InnoDB CHARACTER SET = utf8mb4 COLLATE = utf8mb4_0900_ai_ci COMMENT = '监控组件' ROW_FORMAT = Dynamic;

-- ----------------------------
-- Records of tb_monitor_component
-- ----------------------------

-- ----------------------------
-- Table structure for tb_network_backup_device
-- ----------------------------
DROP TABLE IF EXISTS `tb_network_backup_device`;
CREATE TABLE `tb_network_backup_device`  (
  `id` bigint NOT NULL COMMENT '主键ID',
  `network_host_id` bigint NOT NULL COMMENT '网络设备ID(tb_network_host.id)',
  `instance` varchar(64) CHARACTER SET utf8mb4 COLLATE utf8mb4_0900_ai_ci NOT NULL COMMENT 'IP地址',
  `name` varchar(128) CHARACTER SET utf8mb4 COLLATE utf8mb4_0900_ai_ci NOT NULL COMMENT '主机名',
  `area_name` varchar(64) CHARACTER SET utf8mb4 COLLATE utf8mb4_0900_ai_ci NULL DEFAULT NULL COMMENT '区域',
  `group_name` varchar(64) CHARACTER SET utf8mb4 COLLATE utf8mb4_0900_ai_ci NULL DEFAULT NULL COMMENT '分组',
  `device_model` varchar(64) CHARACTER SET utf8mb4 COLLATE utf8mb4_0900_ai_ci NULL DEFAULT NULL COMMENT '型号',
  `status` tinyint NOT NULL DEFAULT 1 COMMENT '同步状态 0禁用 1启用',
  `username` varchar(128) CHARACTER SET utf8mb4 COLLATE utf8mb4_0900_ai_ci NULL DEFAULT NULL COMMENT '备份账号',
  `password` varchar(255) CHARACTER SET utf8mb4 COLLATE utf8mb4_0900_ai_ci NULL DEFAULT NULL COMMENT '备份密码',
  `agent_id` bigint NULL DEFAULT NULL COMMENT '备份节点ID',
  `backup_enabled` tinyint NOT NULL DEFAULT 0 COMMENT '是否启用备份 0否 1是',
  `last_backup_time` datetime NULL DEFAULT NULL COMMENT '最近备份时间',
  `last_backup_status` tinyint NULL DEFAULT NULL COMMENT '最近备份状态 0失败 1成功',
  `last_backup_message` varchar(255) CHARACTER SET utf8mb4 COLLATE utf8mb4_0900_ai_ci NULL DEFAULT NULL COMMENT '最近备份结果信息',
  `creator` bigint NOT NULL COMMENT '创建者',
  `create_date` datetime NOT NULL COMMENT '创建时间',
  `updater` bigint NOT NULL COMMENT '更新者',
  `update_date` datetime NOT NULL COMMENT '更新时间',
  PRIMARY KEY (`id`) USING BTREE,
  UNIQUE INDEX `uk_network_host_id`(`network_host_id` ASC) USING BTREE,
  INDEX `idx_instance`(`instance` ASC) USING BTREE,
  INDEX `idx_agent_status_enabled`(`agent_id` ASC, `status` ASC, `backup_enabled` ASC) USING BTREE
) ENGINE = InnoDB CHARACTER SET = utf8mb4 COLLATE = utf8mb4_0900_ai_ci COMMENT = '网络设备备份配置表' ROW_FORMAT = Dynamic;

-- ----------------------------
-- Records of tb_network_backup_device
-- ----------------------------

-- ----------------------------
-- Table structure for tb_network_host
-- ----------------------------
DROP TABLE IF EXISTS `tb_network_host`;
CREATE TABLE `tb_network_host`  (
  `id` bigint NOT NULL COMMENT '主键ID',
  `instance` varchar(50) CHARACTER SET utf8mb4 COLLATE utf8mb4_0900_ai_ci NOT NULL COMMENT '地址(IP)',
  `name` varchar(100) CHARACTER SET utf8mb4 COLLATE utf8mb4_0900_ai_ci NOT NULL COMMENT '名称(主机名)',
  `area_name` varchar(50) CHARACTER SET utf8mb4 COLLATE utf8mb4_0900_ai_ci NOT NULL COMMENT '区域名称',
  `group_name` varchar(50) CHARACTER SET utf8mb4 COLLATE utf8mb4_0900_ai_ci NOT NULL COMMENT '分组名称',
  `device_model` varchar(50) CHARACTER SET utf8mb4 COLLATE utf8mb4_0900_ai_ci NULL DEFAULT NULL COMMENT '设备型号',
  `status` tinyint NOT NULL DEFAULT 1 COMMENT '状态 0禁用 1启用',
  `collection_status` tinyint NOT NULL DEFAULT 2 COMMENT '采集状态 0异常 1正常 2未知',
  `online_status` tinyint NULL DEFAULT NULL COMMENT '在线状态 0离线 1在线',
  `response_time` varchar(50) CHARACTER SET utf8mb4 COLLATE utf8mb4_0900_ai_ci NULL DEFAULT NULL COMMENT '响应时间',
  `packet_loss_rate` varchar(50) CHARACTER SET utf8mb4 COLLATE utf8mb4_0900_ai_ci NULL DEFAULT NULL COMMENT '丢包率',
  `missing_count` int NOT NULL DEFAULT 0 COMMENT '连续缺失次数',
  `last_seen_time` datetime NULL DEFAULT NULL COMMENT '最后一次在Zabbix出现时间',
  `last_sync_time` datetime NULL DEFAULT NULL COMMENT '最后一次同步时间',
  `creator` bigint NOT NULL COMMENT '创建者',
  `create_date` datetime NOT NULL COMMENT '创建时间',
  `updater` bigint NOT NULL COMMENT '更新者',
  `update_date` datetime NOT NULL COMMENT '更新时间',
  PRIMARY KEY (`id`) USING BTREE,
  UNIQUE INDEX `uk_tb_network_host_instance`(`instance` ASC) USING BTREE,
  INDEX `idx_tb_network_host_area_name`(`area_name` ASC) USING BTREE,
  INDEX `idx_tb_network_host_group_name`(`group_name` ASC) USING BTREE,
  INDEX `idx_tb_network_host_device_model`(`device_model` ASC) USING BTREE,
  INDEX `idx_tb_network_host_status`(`status` ASC) USING BTREE,
  INDEX `idx_tb_network_host_collection_status`(`collection_status` ASC) USING BTREE,
  INDEX `idx_tb_network_host_online_status`(`online_status` ASC) USING BTREE
) ENGINE = InnoDB CHARACTER SET = utf8mb4 COLLATE = utf8mb4_0900_ai_ci COMMENT = '网络设备表（仅通过Zabbix同步维护）' ROW_FORMAT = Dynamic;

-- ----------------------------
-- Records of tb_network_host
-- ----------------------------

-- ----------------------------
-- Table structure for tb_alert_ai_report_prometheus
-- ----------------------------
DROP TABLE IF EXISTS `tb_alert_ai_report_prometheus`;
CREATE TABLE `tb_alert_ai_report_prometheus`  (
  `id` bigint NOT NULL AUTO_INCREMENT,
  `report_type` varchar(20) CHARACTER SET utf8mb4 COLLATE utf8mb4_0900_ai_ci NOT NULL COMMENT '报告类型 server/http',
  `period_type` varchar(20) CHARACTER SET utf8mb4 COLLATE utf8mb4_0900_ai_ci NULL DEFAULT NULL COMMENT '周期类型 week/month',
  `period_start` datetime NULL DEFAULT NULL COMMENT '周期开始',
  `period_end` datetime NULL DEFAULT NULL COMMENT '周期结束',
  `model_name` varchar(100) CHARACTER SET utf8mb4 COLLATE utf8mb4_0900_ai_ci NULL DEFAULT NULL COMMENT '模型名',
  `report_status` tinyint NULL DEFAULT NULL COMMENT '1成功 2失败',
  `summary` varchar(500) CHARACTER SET utf8mb4 COLLATE utf8mb4_0900_ai_ci NULL DEFAULT NULL COMMENT '摘要',
  `input_json` longtext CHARACTER SET utf8mb4 COLLATE utf8mb4_0900_ai_ci NULL COMMENT '送给AI的统计JSON',
  `report_json` longtext CHARACTER SET utf8mb4 COLLATE utf8mb4_0900_ai_ci NULL COMMENT 'AI返回JSON',
  `report_markdown` longtext CHARACTER SET utf8mb4 COLLATE utf8mb4_0900_ai_ci NULL COMMENT '渲染后Markdown',
  `error_message` varchar(500) CHARACTER SET utf8mb4 COLLATE utf8mb4_0900_ai_ci NULL DEFAULT NULL COMMENT '异常信息',
  `create_date` datetime NULL DEFAULT CURRENT_TIMESTAMP COMMENT '创建时间',
  PRIMARY KEY (`id`) USING BTREE,
  INDEX `idx_report_type`(`report_type` ASC) USING BTREE,
  INDEX `idx_create_date`(`create_date` ASC) USING BTREE
) ENGINE = InnoDB AUTO_INCREMENT = 2029814005104181250 CHARACTER SET = utf8mb4 COLLATE = utf8mb4_0900_ai_ci COMMENT = 'Prometheus告警AI报告' ROW_FORMAT = Dynamic;

-- ----------------------------
-- Records of tb_alert_ai_report_prometheus
-- ----------------------------

-- ----------------------------
-- Table structure for tb_window_host
-- ----------------------------
DROP TABLE IF EXISTS `tb_window_host`;
CREATE TABLE `tb_window_host`  (
  `id` bigint NOT NULL COMMENT '主键ID',
  `instance` varchar(50) CHARACTER SET utf8mb4 COLLATE utf8mb4_0900_ai_ci NOT NULL COMMENT '地址',
  `name` varchar(50) CHARACTER SET utf8mb4 COLLATE utf8mb4_0900_ai_ci NOT NULL COMMENT '名称',
  `area_name` varchar(50) CHARACTER SET utf8mb4 COLLATE utf8mb4_0900_ai_ci NOT NULL COMMENT '区域名称',
  `site_location` varchar(100) CHARACTER SET utf8mb4 COLLATE utf8mb4_0900_ai_ci NULL DEFAULT NULL COMMENT '站点位置',
  `menu_name` varchar(50) CHARACTER SET utf8mb4 COLLATE utf8mb4_0900_ai_ci NOT NULL COMMENT '分组名称',
  `type` varchar(50) CHARACTER SET utf8mb4 COLLATE utf8mb4_0900_ai_ci NULL DEFAULT NULL COMMENT '主机类型',
  `status` tinyint NOT NULL DEFAULT 1 COMMENT '状态 0禁用 1启用',
  `creator` bigint NOT NULL COMMENT '创建者',
  `create_date` datetime NOT NULL COMMENT '创建时间',
  `updater` bigint NOT NULL COMMENT '更新者',
  `update_date` datetime NOT NULL COMMENT '更新时间',
  `online_status` tinyint NULL DEFAULT NULL COMMENT '在线状态 0离线 1在线',
  PRIMARY KEY (`id`) USING BTREE
) ENGINE = InnoDB CHARACTER SET = utf8mb4 COLLATE = utf8mb4_0900_ai_ci COMMENT = 'Windows主机表' ROW_FORMAT = Dynamic;

-- ----------------------------
-- Records of tb_window_host
-- ----------------------------

-- ----------------------------
-- Table structure for tb_alert_ai_report_zabbix
-- ----------------------------
DROP TABLE IF EXISTS `tb_alert_ai_report_zabbix`;
CREATE TABLE `tb_alert_ai_report_zabbix`  (
  `id` bigint NOT NULL AUTO_INCREMENT,
  `period_type` varchar(20) CHARACTER SET utf8mb4 COLLATE utf8mb4_0900_ai_ci NOT NULL,
  `period_start` datetime NOT NULL,
  `period_end` datetime NOT NULL,
  `model_name` varchar(100) CHARACTER SET utf8mb4 COLLATE utf8mb4_0900_ai_ci NULL DEFAULT NULL,
  `report_status` tinyint NOT NULL COMMENT '1成功 2失败',
  `summary` varchar(500) CHARACTER SET utf8mb4 COLLATE utf8mb4_0900_ai_ci NULL DEFAULT NULL,
  `input_json` longtext CHARACTER SET utf8mb4 COLLATE utf8mb4_0900_ai_ci NULL,
  `report_json` longtext CHARACTER SET utf8mb4 COLLATE utf8mb4_0900_ai_ci NULL,
  `report_markdown` longtext CHARACTER SET utf8mb4 COLLATE utf8mb4_0900_ai_ci NULL,
  `error_message` text CHARACTER SET utf8mb4 COLLATE utf8mb4_0900_ai_ci NULL,
  `create_date` datetime NULL DEFAULT CURRENT_TIMESTAMP,
  PRIMARY KEY (`id`) USING BTREE,
  INDEX `idx_period`(`period_type` ASC, `period_start` ASC, `period_end` ASC) USING BTREE,
  INDEX `idx_create_date`(`create_date` ASC) USING BTREE
) ENGINE = InnoDB AUTO_INCREMENT = 2029813705341468674 CHARACTER SET = utf8mb4 COLLATE = utf8mb4_0900_ai_ci ROW_FORMAT = Dynamic;

-- ----------------------------
-- Records of tb_alert_ai_report_zabbix
-- ----------------------------

-- ----------------------------
-- Table structure for tb_zabbix_alert_event
-- ----------------------------
DROP TABLE IF EXISTS `tb_zabbix_alert_event`;
CREATE TABLE `tb_zabbix_alert_event`  (
  `id` bigint NOT NULL AUTO_INCREMENT,
  `event_id` varchar(64) CHARACTER SET utf8mb4 COLLATE utf8mb4_0900_ai_ci NOT NULL,
  `trigger_id` varchar(64) CHARACTER SET utf8mb4 COLLATE utf8mb4_0900_ai_ci NULL DEFAULT NULL,
  `host_id` varchar(64) CHARACTER SET utf8mb4 COLLATE utf8mb4_0900_ai_ci NULL DEFAULT NULL,
  `host_host` varchar(128) CHARACTER SET utf8mb4 COLLATE utf8mb4_0900_ai_ci NULL DEFAULT NULL,
  `hostname` varchar(255) CHARACTER SET utf8mb4 COLLATE utf8mb4_0900_ai_ci NULL DEFAULT NULL,
  `host_ip` varchar(64) CHARACTER SET utf8mb4 COLLATE utf8mb4_0900_ai_ci NULL DEFAULT NULL,
  `host_group` varchar(255) CHARACTER SET utf8mb4 COLLATE utf8mb4_0900_ai_ci NULL DEFAULT NULL,
  `severity_code` varchar(16) CHARACTER SET utf8mb4 COLLATE utf8mb4_0900_ai_ci NULL DEFAULT NULL,
  `severity_name` varchar(32) CHARACTER SET utf8mb4 COLLATE utf8mb4_0900_ai_ci NULL DEFAULT NULL,
  `trigger_name` varchar(500) CHARACTER SET utf8mb4 COLLATE utf8mb4_0900_ai_ci NULL DEFAULT NULL,
  `trigger_key` varchar(255) CHARACTER SET utf8mb4 COLLATE utf8mb4_0900_ai_ci NULL DEFAULT NULL,
  `trigger_value` varchar(16) CHARACTER SET utf8mb4 COLLATE utf8mb4_0900_ai_ci NULL DEFAULT NULL,
  `item_id` varchar(64) CHARACTER SET utf8mb4 COLLATE utf8mb4_0900_ai_ci NULL DEFAULT NULL,
  `item_name` varchar(255) CHARACTER SET utf8mb4 COLLATE utf8mb4_0900_ai_ci NULL DEFAULT NULL,
  `item_value` varchar(255) CHARACTER SET utf8mb4 COLLATE utf8mb4_0900_ai_ci NULL DEFAULT NULL,
  `status` varchar(20) CHARACTER SET utf8mb4 COLLATE utf8mb4_0900_ai_ci NOT NULL,
  `event_time` datetime NULL DEFAULT NULL,
  `first_event_time` datetime NULL DEFAULT NULL,
  `last_event_time` datetime NULL DEFAULT NULL,
  `resolved_time` datetime NULL DEFAULT NULL,
  `event_duration` varchar(64) CHARACTER SET utf8mb4 COLLATE utf8mb4_0900_ai_ci NULL DEFAULT NULL,
  `duration_sec` bigint NULL DEFAULT NULL,
  `webhook_log_id` bigint NULL DEFAULT NULL,
  `raw_json` longtext CHARACTER SET utf8mb4 COLLATE utf8mb4_0900_ai_ci NULL,
  `create_date` datetime NULL DEFAULT CURRENT_TIMESTAMP,
  `update_date` datetime NULL DEFAULT CURRENT_TIMESTAMP ON UPDATE CURRENT_TIMESTAMP,
  PRIMARY KEY (`id`) USING BTREE,
  UNIQUE INDEX `uk_event_id`(`event_id` ASC) USING BTREE,
  INDEX `idx_status`(`status` ASC) USING BTREE,
  INDEX `idx_event_time`(`event_time` ASC) USING BTREE,
  INDEX `idx_host_ip`(`host_ip` ASC) USING BTREE,
  INDEX `idx_trigger_id`(`trigger_id` ASC) USING BTREE
) ENGINE = InnoDB AUTO_INCREMENT = 2029805701992873987 CHARACTER SET = utf8mb4 COLLATE = utf8mb4_0900_ai_ci ROW_FORMAT = Dynamic;

-- ----------------------------
-- Records of tb_zabbix_alert_event
-- ----------------------------

-- ----------------------------
-- Table structure for tb_zabbix_alert_event_history
-- ----------------------------
DROP TABLE IF EXISTS `tb_zabbix_alert_event_history`;
CREATE TABLE `tb_zabbix_alert_event_history`  (
  `id` bigint NOT NULL AUTO_INCREMENT,
  `event_id` varchar(64) CHARACTER SET utf8mb4 COLLATE utf8mb4_0900_ai_ci NOT NULL,
  `trigger_id` varchar(64) CHARACTER SET utf8mb4 COLLATE utf8mb4_0900_ai_ci NULL DEFAULT NULL,
  `host_id` varchar(64) CHARACTER SET utf8mb4 COLLATE utf8mb4_0900_ai_ci NULL DEFAULT NULL,
  `host_host` varchar(128) CHARACTER SET utf8mb4 COLLATE utf8mb4_0900_ai_ci NULL DEFAULT NULL,
  `hostname` varchar(255) CHARACTER SET utf8mb4 COLLATE utf8mb4_0900_ai_ci NULL DEFAULT NULL,
  `host_ip` varchar(64) CHARACTER SET utf8mb4 COLLATE utf8mb4_0900_ai_ci NULL DEFAULT NULL,
  `host_group` varchar(255) CHARACTER SET utf8mb4 COLLATE utf8mb4_0900_ai_ci NULL DEFAULT NULL,
  `severity_code` varchar(16) CHARACTER SET utf8mb4 COLLATE utf8mb4_0900_ai_ci NULL DEFAULT NULL,
  `severity_name` varchar(32) CHARACTER SET utf8mb4 COLLATE utf8mb4_0900_ai_ci NULL DEFAULT NULL,
  `trigger_name` varchar(500) CHARACTER SET utf8mb4 COLLATE utf8mb4_0900_ai_ci NULL DEFAULT NULL,
  `trigger_key` varchar(255) CHARACTER SET utf8mb4 COLLATE utf8mb4_0900_ai_ci NULL DEFAULT NULL,
  `trigger_value` varchar(16) CHARACTER SET utf8mb4 COLLATE utf8mb4_0900_ai_ci NULL DEFAULT NULL,
  `item_id` varchar(64) CHARACTER SET utf8mb4 COLLATE utf8mb4_0900_ai_ci NULL DEFAULT NULL,
  `item_name` varchar(255) CHARACTER SET utf8mb4 COLLATE utf8mb4_0900_ai_ci NULL DEFAULT NULL,
  `item_value` varchar(255) CHARACTER SET utf8mb4 COLLATE utf8mb4_0900_ai_ci NULL DEFAULT NULL,
  `status` varchar(20) CHARACTER SET utf8mb4 COLLATE utf8mb4_0900_ai_ci NOT NULL,
  `event_time` datetime NULL DEFAULT NULL,
  `event_duration` varchar(64) CHARACTER SET utf8mb4 COLLATE utf8mb4_0900_ai_ci NULL DEFAULT NULL,
  `duration_sec` bigint NULL DEFAULT NULL,
  `webhook_log_id` bigint NULL DEFAULT NULL,
  `payload_json` longtext CHARACTER SET utf8mb4 COLLATE utf8mb4_0900_ai_ci NULL,
  `create_date` datetime NULL DEFAULT CURRENT_TIMESTAMP,
  PRIMARY KEY (`id`) USING BTREE,
  UNIQUE INDEX `uk_event_status_time`(`event_id` ASC, `status` ASC, `event_time` ASC) USING BTREE,
  INDEX `idx_his_event_time`(`event_time` ASC) USING BTREE,
  INDEX `idx_his_host_ip`(`host_ip` ASC) USING BTREE,
  INDEX `idx_his_trigger_id`(`trigger_id` ASC) USING BTREE,
  INDEX `idx_his_status`(`status` ASC) USING BTREE
) ENGINE = InnoDB AUTO_INCREMENT = 2029806958610546691 CHARACTER SET = utf8mb4 COLLATE = utf8mb4_0900_ai_ci ROW_FORMAT = Dynamic;

-- ----------------------------
-- Records of tb_zabbix_alert_event_history
-- ----------------------------

-- ----------------------------
-- Table structure for tb_zabbix_webhook_log
-- ----------------------------
DROP TABLE IF EXISTS `tb_zabbix_webhook_log`;
CREATE TABLE `tb_zabbix_webhook_log`  (
  `id` bigint NOT NULL COMMENT '主键ID',
  `source` varchar(32) CHARACTER SET utf8mb4 COLLATE utf8mb4_0900_ai_ci NULL DEFAULT 'zabbix' COMMENT '来源',
  `request_id` varchar(64) CHARACTER SET utf8mb4 COLLATE utf8mb4_0900_ai_ci NULL DEFAULT NULL COMMENT '请求追踪ID',
  `request_method` varchar(16) CHARACTER SET utf8mb4 COLLATE utf8mb4_0900_ai_ci NULL DEFAULT NULL COMMENT 'HTTP方法',
  `request_uri` varchar(512) CHARACTER SET utf8mb4 COLLATE utf8mb4_0900_ai_ci NULL DEFAULT NULL COMMENT '请求URI',
  `query_string` text CHARACTER SET utf8mb4 COLLATE utf8mb4_0900_ai_ci NULL COMMENT '查询参数',
  `content_type` varchar(128) CHARACTER SET utf8mb4 COLLATE utf8mb4_0900_ai_ci NULL DEFAULT NULL COMMENT 'Content-Type',
  `remote_ip` varchar(64) CHARACTER SET utf8mb4 COLLATE utf8mb4_0900_ai_ci NULL DEFAULT NULL COMMENT '客户端IP',
  `user_agent` varchar(512) CHARACTER SET utf8mb4 COLLATE utf8mb4_0900_ai_ci NULL DEFAULT NULL COMMENT 'User-Agent',
  `headers_json` longtext CHARACTER SET utf8mb4 COLLATE utf8mb4_0900_ai_ci NULL COMMENT '请求头JSON',
  `payload_raw` longtext CHARACTER SET utf8mb4 COLLATE utf8mb4_0900_ai_ci NULL COMMENT '原始请求体',
  `payload_size` int NULL DEFAULT 0 COMMENT '请求体长度',
  `event_id` varchar(128) CHARACTER SET utf8mb4 COLLATE utf8mb4_0900_ai_ci NULL DEFAULT NULL COMMENT '事件ID(可选提取)',
  `trigger_id` varchar(128) CHARACTER SET utf8mb4 COLLATE utf8mb4_0900_ai_ci NULL DEFAULT NULL COMMENT '触发器ID(可选提取)',
  `host` varchar(255) CHARACTER SET utf8mb4 COLLATE utf8mb4_0900_ai_ci NULL DEFAULT NULL COMMENT '主机(可选提取)',
  `severity` varchar(64) CHARACTER SET utf8mb4 COLLATE utf8mb4_0900_ai_ci NULL DEFAULT NULL COMMENT '严重级别(可选提取)',
  `status` varchar(64) CHARACTER SET utf8mb4 COLLATE utf8mb4_0900_ai_ci NULL DEFAULT NULL COMMENT '状态(可选提取)',
  `process_status` tinyint NULL DEFAULT 1 COMMENT '处理状态:1已存储,2解析失败',
  `process_message` varchar(1024) CHARACTER SET utf8mb4 COLLATE utf8mb4_0900_ai_ci NULL DEFAULT NULL COMMENT '处理信息',
  `received_at` datetime NULL DEFAULT CURRENT_TIMESTAMP COMMENT '接收时间',
  `create_date` datetime NULL DEFAULT CURRENT_TIMESTAMP COMMENT '创建时间',
  PRIMARY KEY (`id`) USING BTREE,
  INDEX `idx_zwl_received_at`(`received_at` ASC) USING BTREE,
  INDEX `idx_zwl_event_id`(`event_id` ASC) USING BTREE,
  INDEX `idx_zwl_status`(`process_status` ASC) USING BTREE
) ENGINE = InnoDB CHARACTER SET = utf8mb4 COLLATE = utf8mb4_0900_ai_ci COMMENT = 'Zabbix webhook接收日志' ROW_FORMAT = Dynamic;

-- ----------------------------
-- Records of tb_zabbix_webhook_log
-- ----------------------------

SET FOREIGN_KEY_CHECKS = 1;
