/*
 Navicat Premium Dump SQL

 Source Server         : ж·ұеңіж•°жҚ®еә“
 Source Server Type    : MySQL
 Source Server Version : 80044 (8.0.44-0ubuntu0.24.04.1)
 Source Host           : 192.168.17.98:3306
 Source Schema         : devops_dev

 Target Server Type    : MySQL
 Target Server Version : 80044 (8.0.44-0ubuntu0.24.04.1)
 File Encoding         : 65001

 Date: 06/03/2026 16:41:05
*/

SET NAMES utf8mb4;
SET FOREIGN_KEY_CHECKS = 0;

-- ----------------------------
-- Table structure for bak_device_backup
-- ----------------------------
DROP TABLE IF EXISTS `bak_device_backup`;
CREATE TABLE `bak_device_backup`  (
  `id` bigint NOT NULL COMMENT 'дё»й”®ID',
  `instance` varchar(50) CHARACTER SET utf8mb4 COLLATE utf8mb4_0900_ai_ci NOT NULL COMMENT 'ең°еқҖ',
  `name` varchar(50) CHARACTER SET utf8mb4 COLLATE utf8mb4_0900_ai_ci NOT NULL COMMENT 'еҗҚз§°',
  `username` varchar(50) CHARACTER SET utf8mb4 COLLATE utf8mb4_0900_ai_ci NOT NULL COMMENT 'з”ЁжҲ·еҗҚ',
  `password` varchar(50) CHARACTER SET utf8mb4 COLLATE utf8mb4_0900_ai_ci NOT NULL COMMENT 'еҜҶз Ғ',
  `area_name` varchar(50) CHARACTER SET utf8mb4 COLLATE utf8mb4_0900_ai_ci NOT NULL COMMENT 'еҢәеҹҹеҗҚз§°',
  `group_name` varchar(50) CHARACTER SET utf8mb4 COLLATE utf8mb4_0900_ai_ci NOT NULL COMMENT 'еҲҶз»„еҗҚз§°',
  `device_model` varchar(50) CHARACTER SET utf8mb4 COLLATE utf8mb4_0900_ai_ci NULL DEFAULT NULL COMMENT 'и®ҫеӨҮеһӢеҸ·',
  `status` tinyint NOT NULL DEFAULT 1 COMMENT 'зҠ¶жҖҒ 0зҰҒз”Ё 1еҗҜз”Ё',
  `agent_id` bigint NOT NULL COMMENT 'иҠӮзӮ№ID',
  `creator` bigint NOT NULL COMMENT 'еҲӣе»әиҖ…',
  `create_date` datetime NOT NULL COMMENT 'еҲӣе»әж—¶й—ҙ',
  `updater` bigint NOT NULL COMMENT 'жӣҙж–°иҖ…',
  `update_date` datetime NOT NULL COMMENT 'жӣҙж–°ж—¶й—ҙ',
  `online_status` tinyint NULL DEFAULT NULL COMMENT 'еңЁзәҝзҠ¶жҖҒ 0зҰ»зәҝ 1еңЁзәҝ',
  PRIMARY KEY (`id`) USING BTREE,
  INDEX `fk_device_backup_agent`(`agent_id` ASC) USING BTREE,
  CONSTRAINT `fk_device_backup_agent` FOREIGN KEY (`agent_id`) REFERENCES `tb_backup_agent` (`id`) ON DELETE RESTRICT ON UPDATE RESTRICT
) ENGINE = InnoDB CHARACTER SET = utf8mb4 COLLATE = utf8mb4_0900_ai_ci COMMENT = 'и®ҫеӨҮеӨҮд»ҪиЎЁ' ROW_FORMAT = Dynamic;

-- ----------------------------
-- Records of bak_device_backup
-- ----------------------------

-- ----------------------------
-- Table structure for schedule_job
-- ----------------------------
DROP TABLE IF EXISTS `schedule_job`;
CREATE TABLE `schedule_job`  (
  `id` bigint NOT NULL COMMENT 'id',
  `bean_name` varchar(200) CHARACTER SET utf8mb4 COLLATE utf8mb4_0900_ai_ci NULL DEFAULT NULL COMMENT 'spring beanеҗҚз§°',
  `params` varchar(2000) CHARACTER SET utf8mb4 COLLATE utf8mb4_0900_ai_ci NULL DEFAULT NULL COMMENT 'еҸӮж•°',
  `cron_expression` varchar(100) CHARACTER SET utf8mb4 COLLATE utf8mb4_0900_ai_ci NULL DEFAULT NULL COMMENT 'cronиЎЁиҫҫејҸ',
  `status` tinyint UNSIGNED NULL DEFAULT NULL COMMENT 'д»»еҠЎзҠ¶жҖҒ  0пјҡжҡӮеҒң  1пјҡжӯЈеёё',
  `remark` varchar(255) CHARACTER SET utf8mb4 COLLATE utf8mb4_0900_ai_ci NULL DEFAULT NULL COMMENT 'еӨҮжіЁ',
  `creator` bigint NULL DEFAULT NULL COMMENT 'еҲӣе»әиҖ…',
  `create_date` datetime NULL DEFAULT NULL COMMENT 'еҲӣе»әж—¶й—ҙ',
  `updater` bigint NULL DEFAULT NULL COMMENT 'жӣҙж–°иҖ…',
  `update_date` datetime NULL DEFAULT NULL COMMENT 'жӣҙж–°ж—¶й—ҙ',
  PRIMARY KEY (`id`) USING BTREE,
  INDEX `idx_create_date`(`create_date` ASC) USING BTREE
) ENGINE = InnoDB CHARACTER SET = utf8mb4 COLLATE = utf8mb4_0900_ai_ci COMMENT = 'е®ҡж—¶д»»еҠЎ' ROW_FORMAT = Dynamic;

-- ----------------------------
-- Records of schedule_job
-- ----------------------------
INSERT INTO `schedule_job` VALUES (2016429000000000201, 'deviceBackupTask', '', '0 0 10 * * ?', 1, 'зҪ‘з»ңи®ҫеӨҮеӨҮд»ҪжҜҸеӨ©10зӮ№', 1067246875800000001, '2026-01-29 15:36:19', 1067246875800000001, '2026-02-26 10:51:39');
INSERT INTO `schedule_job` VALUES (2016429000000000202, 'onlineStatusRefreshTask', '', '0 */5 * * * ?', 1, 'еңЁзәҝзҠ¶жҖҒеҲ·ж–°(5еҲҶй’ҹ)', 1067246875800000001, '2026-02-02 12:00:00', 1067246875800000001, '2026-02-02 12:00:00');
INSERT INTO `schedule_job` VALUES (2026022600010000101, 'zabbixNetworkHostSyncTask', '', '0 */10 * * * ?', 1, 'ZabbixзҪ‘з»ңи®ҫеӨҮеҗҢжӯҘ(10еҲҶй’ҹ)', 1067246875800000001, '2026-02-27 00:22:34', 1067246875800000001, '2026-02-27 00:22:34');
INSERT INTO `schedule_job` VALUES (2026031200010000101, 'zabbixAlertAiWeeklyReportTask', '', '0 0 12 ? * FRI', 1, 'зҪ‘з»ңи®ҫеӨҮе‘ЁжҠҘжҜҸе‘Ёдә”12зӮ№', 1067246875800000001, '2026-03-12 12:00:00', 1067246875800000001, '2026-03-12 12:00:00');
INSERT INTO `schedule_job` VALUES (2026031200010000102, 'prometheusServerWeeklyReportTask', '', '0 0 12 ? * FRI', 1, 'жңҚеҠЎдё»жңәе‘ЁжҠҘжҜҸе‘Ёдә”12зӮ№', 1067246875800000001, '2026-03-12 12:00:00', 1067246875800000001, '2026-03-12 12:00:00');
INSERT INTO `schedule_job` VALUES (2026031200010000103, 'prometheusHttpWeeklyReportTask', '', '0 0 12 ? * FRI', 1, 'зҪ‘з»ңз«ҷзӮ№е‘ЁжҠҘжҜҸе‘Ёдә”12зӮ№', 1067246875800000001, '2026-03-12 12:00:00', 1067246875800000001, '2026-03-12 12:00:00');

-- ----------------------------
-- Table structure for schedule_job_log
-- ----------------------------
DROP TABLE IF EXISTS `schedule_job_log`;
CREATE TABLE `schedule_job_log`  (
  `id` bigint NOT NULL COMMENT 'id',
  `job_id` bigint NOT NULL COMMENT 'д»»еҠЎid',
  `bean_name` varchar(200) CHARACTER SET utf8mb4 COLLATE utf8mb4_0900_ai_ci NULL DEFAULT NULL COMMENT 'spring beanеҗҚз§°',
  `params` varchar(2000) CHARACTER SET utf8mb4 COLLATE utf8mb4_0900_ai_ci NULL DEFAULT NULL COMMENT 'еҸӮж•°',
  `status` tinyint UNSIGNED NOT NULL COMMENT 'д»»еҠЎзҠ¶жҖҒ    0пјҡеӨұиҙҘ    1пјҡжҲҗеҠҹ',
  `error` text CHARACTER SET utf8mb4 COLLATE utf8mb4_0900_ai_ci NULL COMMENT 'еӨұиҙҘдҝЎжҒҜ',
  `times` int NOT NULL COMMENT 'иҖ—ж—¶(еҚ•дҪҚпјҡжҜ«з§’)',
  `create_date` datetime NULL DEFAULT NULL COMMENT 'еҲӣе»әж—¶й—ҙ',
  PRIMARY KEY (`id`) USING BTREE,
  INDEX `idx_job_id`(`job_id` ASC) USING BTREE,
  INDEX `idx_create_date`(`create_date` ASC) USING BTREE
) ENGINE = InnoDB CHARACTER SET = utf8mb4 COLLATE = utf8mb4_0900_ai_ci COMMENT = 'е®ҡж—¶д»»еҠЎж—Ҙеҝ—' ROW_FORMAT = Dynamic;

-- ----------------------------
-- Records of schedule_job_log
-- ----------------------------

-- ----------------------------
-- Table structure for sys_dict_data
-- ----------------------------
DROP TABLE IF EXISTS `sys_dict_data`;
CREATE TABLE `sys_dict_data`  (
  `id` bigint NOT NULL COMMENT 'id',
  `dict_type_id` bigint NOT NULL COMMENT 'еӯ—е…ёзұ»еһӢID',
  `dict_label` varchar(255) CHARACTER SET utf8mb4 COLLATE utf8mb4_0900_ai_ci NOT NULL COMMENT 'еӯ—е…ёж Үзӯҫ',
  `dict_value` varchar(255) CHARACTER SET utf8mb4 COLLATE utf8mb4_0900_ai_ci NULL DEFAULT NULL COMMENT 'еӯ—е…ёеҖј',
  `remark` varchar(255) CHARACTER SET utf8mb4 COLLATE utf8mb4_0900_ai_ci NULL DEFAULT NULL COMMENT 'еӨҮжіЁ',
  `sort` int UNSIGNED NULL DEFAULT NULL COMMENT 'жҺ’еәҸ',
  `creator` bigint NULL DEFAULT NULL COMMENT 'еҲӣе»әиҖ…',
  `create_date` datetime NULL DEFAULT NULL COMMENT 'еҲӣе»әж—¶й—ҙ',
  `updater` bigint NULL DEFAULT NULL COMMENT 'жӣҙж–°иҖ…',
  `update_date` datetime NULL DEFAULT NULL COMMENT 'жӣҙж–°ж—¶й—ҙ',
  PRIMARY KEY (`id`) USING BTREE,
  UNIQUE INDEX `uk_dict_type_value`(`dict_type_id` ASC, `dict_value` ASC) USING BTREE,
  INDEX `idx_sort`(`sort` ASC) USING BTREE
) ENGINE = InnoDB CHARACTER SET = utf8mb4 COLLATE = utf8mb4_0900_ai_ci COMMENT = 'еӯ—е…ёж•°жҚ®' ROW_FORMAT = Dynamic;

-- ----------------------------
-- Records of sys_dict_data
-- ----------------------------
INSERT INTO `sys_dict_data` VALUES (1225814069634195457, 1225813644059140097, 'е…¬е‘Ҡ', '0', '', 0, 1067246875800000001, '2026-01-28 10:56:16', 1067246875800000001, '2026-01-28 10:56:16');
INSERT INTO `sys_dict_data` VALUES (1225814107559092225, 1225813644059140097, 'дјҡи®®', '1', '', 1, 1067246875800000001, '2026-01-28 10:56:16', 1067246875800000001, '2026-01-28 10:56:16');
INSERT INTO `sys_dict_data` VALUES (1225814271879340034, 1225813644059140097, 'е…¶д»–', '2', '', 2, 1067246875800000001, '2026-01-28 10:56:16', 1067246875800000001, '2026-01-28 10:56:16');
INSERT INTO `sys_dict_data` VALUES (1260000000000000101, 1260000000000000100, 'ah', 'е®үеҫҪ', '', 0, 1067246875800000001, '2026-01-28 17:20:17', 1067246875800000001, '2026-01-29 09:39:43');
INSERT INTO `sys_dict_data` VALUES (1260000000000000102, 1260000000000000100, 'js', 'жұҹиӢҸ', '', 1, 1067246875800000001, '2026-01-28 17:20:17', 1067246875800000001, '2026-01-29 09:39:46');
INSERT INTO `sys_dict_data` VALUES (1260000000000000103, 1260000000000000100, 'sz', 'ж·ұеңі', '', 2, 1067246875800000001, '2026-01-28 17:20:17', 1067246875800000001, '2026-02-02 17:35:26');
INSERT INTO `sys_dict_data` VALUES (1260000000000000104, 1260000000000000100, 'zq', 'иӮҮеәҶ', '', 3, 1067246875800000001, '2026-01-28 17:20:17', 1067246875800000001, '2026-01-29 09:40:02');
INSERT INTO `sys_dict_data` VALUES (1260000000000000105, 1260000000000000100, 'hw', 'жө·еӨ–', '', 4, 1067246875800000001, '2026-01-28 17:20:17', 1067246875800000001, '2026-01-29 09:40:06');
INSERT INTO `sys_dict_data` VALUES (1260000000000000201, 1260000000000000200, 'core', 'ж ёеҝғзҪ‘з»ңи®ҫеӨҮ', '', 0, 1067246875800000001, '2026-01-28 18:00:19', 1067246875800000001, '2026-01-29 09:39:34');
INSERT INTO `sys_dict_data` VALUES (1260000000000000202, 1260000000000000200, 'common', 'жҷ®йҖҡзҪ‘з»ңи®ҫеӨҮ', '', 1, 1067246875800000001, '2026-01-28 18:00:19', 1067246875800000001, '2026-01-29 09:39:37');
INSERT INTO `sys_dict_data` VALUES (1260000000000000301, 1260000000000000300, '00', '00.VMware', '', 0, 1067246875800000001, '2026-01-28 18:00:19', 1067246875800000001, '2026-01-29 09:39:28');
INSERT INTO `sys_dict_data` VALUES (1260000000000000302, 1260000000000000300, '01', '01.еҹәзЎҖжңҚеҠЎ', '', 1, 1067246875800000001, '2026-01-28 18:00:19', 1067246875800000001, '2026-01-28 18:00:19');
INSERT INTO `sys_dict_data` VALUES (1260000000000000303, 1260000000000000300, '02', '02.е®үе…Ёиҝҗз»ҙ', '', 2, 1067246875800000001, '2026-01-28 18:00:19', 1067246875800000001, '2026-01-28 18:00:19');
INSERT INTO `sys_dict_data` VALUES (1260000000000000304, 1260000000000000300, '03', '03.еҹәзЎҖдёҡеҠЎ', '', 3, 1067246875800000001, '2026-01-28 18:00:19', 1067246875800000001, '2026-01-28 18:00:19');
INSERT INTO `sys_dict_data` VALUES (1260000000000000305, 1260000000000000300, '04', '04.дҫӣеә”й“ҫ', '', 4, 1067246875800000001, '2026-01-28 18:00:19', 1067246875800000001, '2026-01-28 18:00:19');
INSERT INTO `sys_dict_data` VALUES (1260000000000000306, 1260000000000000300, '05', '05.й”Җе”®', '', 5, 1067246875800000001, '2026-01-28 18:00:19', 1067246875800000001, '2026-01-28 18:00:19');
INSERT INTO `sys_dict_data` VALUES (1260000000000000307, 1260000000000000300, '06', '06.иҙўеҠЎ', '', 6, 1067246875800000001, '2026-01-28 18:00:19', 1067246875800000001, '2026-01-28 18:00:19');
INSERT INTO `sys_dict_data` VALUES (1260000000000000308, 1260000000000000300, '07', '07.з ”еҸ‘', '', 7, 1067246875800000001, '2026-01-28 18:00:19', 1067246875800000001, '2026-01-28 18:00:19');
INSERT INTO `sys_dict_data` VALUES (1260000000000000401, 1260000000000000400, 'h3c', 'еҚҺдёү', '', 0, 1067246875800000001, '2026-01-29 09:49:04', 1067246875800000001, '2026-02-02 11:20:52');
INSERT INTO `sys_dict_data` VALUES (1260000000000000402, 1260000000000000400, 'huawei', 'еҚҺдёә', '', 1, 1067246875800000001, '2026-01-29 09:49:04', 1067246875800000001, '2026-02-02 11:20:57');
INSERT INTO `sys_dict_data` VALUES (1260000000000000403, 1260000000000000400, 'forti', 'йЈһеЎ”', '', 2, 1067246875800000001, '2026-01-29 09:49:04', 1067246875800000001, '2026-02-02 11:21:04');
INSERT INTO `sys_dict_data` VALUES (1260000000000000501, 1260000000000000500, 'ahl', 'е®үеҫҪзҗҶеЈ«', '', 0, 1067246875800000001, '2026-01-30 10:43:13', 1067246875800000001, '2026-01-30 10:43:13');
INSERT INTO `sys_dict_data` VALUES (1260000000000000502, 1260000000000000500, 'ahx', 'е®үеҫҪж–°иғҪжәҗ', '', 1, 1067246875800000001, '2026-01-30 10:43:13', 1067246875800000001, '2026-02-01 21:29:42');
INSERT INTO `sys_dict_data` VALUES (1260000000000000503, 1260000000000000500, 'jsl', 'жұҹиӢҸзҗҶеЈ«', '', 2, 1067246875800000001, '2026-01-30 10:43:13', 1067246875800000001, '2026-01-30 10:43:13');
INSERT INTO `sys_dict_data` VALUES (1260000000000000504, 1260000000000000500, 'szl', 'ж·ұеңізҗҶеЈ«', '', 3, 1067246875800000001, '2026-01-30 10:43:13', 1067246875800000001, '2026-01-30 10:43:13');
INSERT INTO `sys_dict_data` VALUES (1260000000000000505, 1260000000000000500, 'zql', 'иӮҮеәҶзҗҶеЈ«', '', 4, 1067246875800000001, '2026-01-30 10:43:13', 1067246875800000001, '2026-01-30 10:43:13');
INSERT INTO `sys_dict_data` VALUES (1260000000000000506, 1260000000000000500, 'dgx', 'дёңиҺһж–°иғҪжәҗ', '', 5, 1067246875800000001, '2026-01-30 10:43:13', 1067246875800000001, '2026-02-01 21:29:55');
INSERT INTO `sys_dict_data` VALUES (1260000000000000507, 1260000000000000500, 'sgt', 'ж–°еҠ еқЎ', '', 6, 1067246875800000001, '2026-01-30 10:43:13', 1067246875800000001, '2026-02-01 21:40:50');
INSERT INTO `sys_dict_data` VALUES (1260000000000000508, 1260000000000000500, 'mll', 'й©¬жқҘиҘҝдәҡе·ҘеҺӮ', '', 7, 1067246875800000001, '2026-01-30 10:43:13', 1067246875800000001, '2026-01-30 10:43:13');
INSERT INTO `sys_dict_data` VALUES (1260000000000000509, 1260000000000000500, 'vnl', 'и¶ҠеҚ—е·ҘеҺӮ', '', 8, 1067246875800000001, '2026-01-30 10:43:13', 1067246875800000001, '2026-01-30 10:43:13');
INSERT INTO `sys_dict_data` VALUES (1260000000000000510, 1260000000000000500, 'jsx', 'жұҹиӢҸж–°иғҪжәҗ', '', 9, 1067246875800000001, '2026-01-30 10:43:13', 1067246875800000001, '2026-02-01 13:36:05');
INSERT INTO `sys_dict_data` VALUES (1260000000000000511, 1260000000000000500, 'sdt', 'йЎәеҫ·жұӨжө…', '', 10, 1067246875800000001, '2026-01-30 10:43:13', 1067246875800000001, '2026-01-30 10:43:13');
INSERT INTO `sys_dict_data` VALUES (1260000000000000601, 1260000000000000600, 'Prometheus', 'Prometheus', '', 0, 1067246875800000001, '2026-01-30 17:33:12', 1067246875800000001, '2026-01-30 21:42:00');
INSERT INTO `sys_dict_data` VALUES (1260000000000000602, 1260000000000000600, 'VMAlert', 'VMAlert', '', 1, 1067246875800000001, '2026-01-30 17:33:12', 1067246875800000001, '2026-01-30 21:42:09');
INSERT INTO `sys_dict_data` VALUES (1260000000000000603, 1260000000000000600, 'Alertmanager', 'Alertmanager', '', 2, 1067246875800000001, '2026-01-30 17:33:12', 1067246875800000001, '2026-01-30 21:42:13');
INSERT INTO `sys_dict_data` VALUES (1260000000000000604, 1260000000000000600, 'VictoriaMetrics', 'VictoriaMetrics', '', 3, 1067246875800000001, '2026-01-30 17:33:12', 1067246875800000001, '2026-01-30 21:42:18');
INSERT INTO `sys_dict_data` VALUES (1260000000000000605, 1260000000000000600, 'BlackBox', 'BlackBox', '', 4, 1067246875800000001, '2026-01-30 17:33:12', 1067246875800000001, '2026-01-30 21:42:28');
INSERT INTO `sys_dict_data` VALUES (1260000000000000701, 1260000000000000700, 'Physical', 'е®һдҪ“', '', 0, 1067246875800000001, '2026-02-04 06:45:32', 1067246875800000001, '2026-02-04 06:45:32');
INSERT INTO `sys_dict_data` VALUES (1260000000000000702, 1260000000000000700, 'VM', 'иҷҡжӢҹ', '', 1, 1067246875800000001, '2026-02-04 06:45:32', 1067246875800000001, '2026-02-04 06:45:32');
INSERT INTO `sys_dict_data` VALUES (2026949309472034817, 1260000000000000100, 'xs', 'й”Җе”®', '', 5, 1067246875800000001, '2026-02-26 17:15:49', 1067246875800000001, '2026-02-26 17:15:49');

-- ----------------------------
-- Table structure for sys_dict_type
-- ----------------------------
DROP TABLE IF EXISTS `sys_dict_type`;
CREATE TABLE `sys_dict_type`  (
  `id` bigint NOT NULL COMMENT 'id',
  `dict_type` varchar(100) CHARACTER SET utf8mb4 COLLATE utf8mb4_0900_ai_ci NOT NULL COMMENT 'еӯ—е…ёзұ»еһӢ',
  `dict_name` varchar(255) CHARACTER SET utf8mb4 COLLATE utf8mb4_0900_ai_ci NOT NULL COMMENT 'еӯ—е…ёеҗҚз§°',
  `remark` varchar(255) CHARACTER SET utf8mb4 COLLATE utf8mb4_0900_ai_ci NULL DEFAULT NULL COMMENT 'еӨҮжіЁ',
  `sort` int UNSIGNED NULL DEFAULT NULL COMMENT 'жҺ’еәҸ',
  `creator` bigint NULL DEFAULT NULL COMMENT 'еҲӣе»әиҖ…',
  `create_date` datetime NULL DEFAULT NULL COMMENT 'еҲӣе»әж—¶й—ҙ',
  `updater` bigint NULL DEFAULT NULL COMMENT 'жӣҙж–°иҖ…',
  `update_date` datetime NULL DEFAULT NULL COMMENT 'жӣҙж–°ж—¶й—ҙ',
  PRIMARY KEY (`id`) USING BTREE,
  UNIQUE INDEX `dict_type`(`dict_type` ASC) USING BTREE
) ENGINE = InnoDB CHARACTER SET = utf8mb4 COLLATE = utf8mb4_0900_ai_ci COMMENT = 'еӯ—е…ёзұ»еһӢ' ROW_FORMAT = Dynamic;

-- ----------------------------
-- Records of sys_dict_type
-- ----------------------------
INSERT INTO `sys_dict_type` VALUES (1260000000000000100, 'area_name_type', '02.еҢәеҹҹеҗҚз§°зұ»еһӢ', '', 2, 1067246875800000001, '2026-01-28 17:20:17', 1067246875800000001, '2026-02-01 21:52:45');
INSERT INTO `sys_dict_type` VALUES (1260000000000000200, 'network_device_group', '06.зҪ‘з»ңи®ҫеӨҮеҲҶз»„', '', 6, 1067246875800000001, '2026-01-28 18:00:19', 1067246875800000001, '2026-02-01 21:48:11');
INSERT INTO `sys_dict_type` VALUES (1260000000000000300, 'server_host_group', '04.жңҚеҠЎдё»жңәеҲҶз»„', '', 4, 1067246875800000001, '2026-01-28 18:00:19', 1067246875800000001, '2026-02-04 14:58:13');
INSERT INTO `sys_dict_type` VALUES (1260000000000000400, 'network_device_model', '05.зҪ‘з»ңи®ҫеӨҮеһӢеҸ·', '', 5, 1067246875800000001, '2026-01-29 09:48:54', 1067246875800000001, '2026-02-01 21:50:58');
INSERT INTO `sys_dict_type` VALUES (1260000000000000500, 'base_site_location', '03.еҹәең°з«ҷзӮ№дҪҚзҪ®', '', 3, 1067246875800000001, '2026-01-30 10:43:13', 1067246875800000001, '2026-02-02 11:06:59');
INSERT INTO `sys_dict_type` VALUES (1260000000000000600, 'monitor_component_type', '01.зӣ‘жҺ§з»„д»¶зұ»еһӢ', '', 1, 1067246875800000001, '2026-01-30 17:33:12', 1067246875800000001, '2026-02-01 21:47:04');
INSERT INTO `sys_dict_type` VALUES (1260000000000000700, 'server_machine_type', '07.жңҚеҠЎдё»жңәзұ»еһӢ', '', 7, 1067246875800000001, '2026-02-04 06:45:32', 1067246875800000001, '2026-02-04 06:45:32');

-- ----------------------------
-- Table structure for sys_log_error
-- ----------------------------
DROP TABLE IF EXISTS `sys_log_error`;
CREATE TABLE `sys_log_error`  (
  `id` bigint NOT NULL COMMENT 'id',
  `request_uri` varchar(200) CHARACTER SET utf8mb4 COLLATE utf8mb4_0900_ai_ci NULL DEFAULT NULL COMMENT 'иҜ·жұӮURI',
  `request_method` varchar(20) CHARACTER SET utf8mb4 COLLATE utf8mb4_0900_ai_ci NULL DEFAULT NULL COMMENT 'иҜ·жұӮж–№ејҸ',
  `request_params` text CHARACTER SET utf8mb4 COLLATE utf8mb4_0900_ai_ci NULL COMMENT 'иҜ·жұӮеҸӮж•°',
  `user_agent` varchar(500) CHARACTER SET utf8mb4 COLLATE utf8mb4_0900_ai_ci NULL DEFAULT NULL COMMENT 'з”ЁжҲ·д»ЈзҗҶ',
  `ip` varchar(32) CHARACTER SET utf8mb4 COLLATE utf8mb4_0900_ai_ci NULL DEFAULT NULL COMMENT 'ж“ҚдҪңIP',
  `error_info` text CHARACTER SET utf8mb4 COLLATE utf8mb4_0900_ai_ci NULL COMMENT 'ејӮеёёдҝЎжҒҜ',
  `creator` bigint NULL DEFAULT NULL COMMENT 'еҲӣе»әиҖ…',
  `create_date` datetime NULL DEFAULT NULL COMMENT 'еҲӣе»әж—¶й—ҙ',
  PRIMARY KEY (`id`) USING BTREE,
  INDEX `idx_create_date`(`create_date` ASC) USING BTREE
) ENGINE = InnoDB CHARACTER SET = utf8mb4 COLLATE = utf8mb4_0900_ai_ci COMMENT = 'ејӮеёёж—Ҙеҝ—' ROW_FORMAT = Dynamic;

-- ----------------------------
-- Records of sys_log_error
-- ----------------------------

-- ----------------------------
-- Table structure for sys_log_login
-- ----------------------------
DROP TABLE IF EXISTS `sys_log_login`;
CREATE TABLE `sys_log_login`  (
  `id` bigint NOT NULL COMMENT 'id',
  `operation` tinyint UNSIGNED NULL DEFAULT NULL COMMENT 'з”ЁжҲ·ж“ҚдҪң   0пјҡз”ЁжҲ·зҷ»еҪ•   1пјҡз”ЁжҲ·йҖҖеҮә',
  `status` tinyint UNSIGNED NOT NULL COMMENT 'зҠ¶жҖҒ  0пјҡеӨұиҙҘ    1пјҡжҲҗеҠҹ    2пјҡиҙҰеҸ·е·Ій”Ғе®ҡ',
  `user_agent` varchar(500) CHARACTER SET utf8mb4 COLLATE utf8mb4_0900_ai_ci NULL DEFAULT NULL COMMENT 'з”ЁжҲ·д»ЈзҗҶ',
  `ip` varchar(32) CHARACTER SET utf8mb4 COLLATE utf8mb4_0900_ai_ci NULL DEFAULT NULL COMMENT 'ж“ҚдҪңIP',
  `creator_name` varchar(50) CHARACTER SET utf8mb4 COLLATE utf8mb4_0900_ai_ci NULL DEFAULT NULL COMMENT 'з”ЁжҲ·еҗҚ',
  `creator` bigint NULL DEFAULT NULL COMMENT 'еҲӣе»әиҖ…',
  `create_date` datetime NULL DEFAULT NULL COMMENT 'еҲӣе»әж—¶й—ҙ',
  PRIMARY KEY (`id`) USING BTREE,
  INDEX `idx_status`(`status` ASC) USING BTREE,
  INDEX `idx_create_date`(`create_date` ASC) USING BTREE
) ENGINE = InnoDB CHARACTER SET = utf8mb4 COLLATE = utf8mb4_0900_ai_ci COMMENT = 'зҷ»еҪ•ж—Ҙеҝ—' ROW_FORMAT = Dynamic;

-- ----------------------------
-- Records of sys_log_login
-- ----------------------------

-- ----------------------------
-- Table structure for sys_log_operation
-- ----------------------------
DROP TABLE IF EXISTS `sys_log_operation`;
CREATE TABLE `sys_log_operation`  (
  `id` bigint NOT NULL COMMENT 'id',
  `operation` varchar(50) CHARACTER SET utf8mb4 COLLATE utf8mb4_0900_ai_ci NULL DEFAULT NULL COMMENT 'з”ЁжҲ·ж“ҚдҪң',
  `request_uri` varchar(200) CHARACTER SET utf8mb4 COLLATE utf8mb4_0900_ai_ci NULL DEFAULT NULL COMMENT 'иҜ·жұӮURI',
  `request_method` varchar(20) CHARACTER SET utf8mb4 COLLATE utf8mb4_0900_ai_ci NULL DEFAULT NULL COMMENT 'иҜ·жұӮж–№ејҸ',
  `request_params` text CHARACTER SET utf8mb4 COLLATE utf8mb4_0900_ai_ci NULL COMMENT 'иҜ·жұӮеҸӮж•°',
  `request_time` int UNSIGNED NOT NULL COMMENT 'иҜ·жұӮж—¶й•ҝ(жҜ«з§’)',
  `user_agent` varchar(500) CHARACTER SET utf8mb4 COLLATE utf8mb4_0900_ai_ci NULL DEFAULT NULL COMMENT 'з”ЁжҲ·д»ЈзҗҶ',
  `ip` varchar(32) CHARACTER SET utf8mb4 COLLATE utf8mb4_0900_ai_ci NULL DEFAULT NULL COMMENT 'ж“ҚдҪңIP',
  `status` tinyint UNSIGNED NOT NULL COMMENT 'зҠ¶жҖҒ  0пјҡеӨұиҙҘ   1пјҡжҲҗеҠҹ',
  `creator_name` varchar(50) CHARACTER SET utf8mb4 COLLATE utf8mb4_0900_ai_ci NULL DEFAULT NULL COMMENT 'з”ЁжҲ·еҗҚ',
  `creator` bigint NULL DEFAULT NULL COMMENT 'еҲӣе»әиҖ…',
  `create_date` datetime NULL DEFAULT NULL COMMENT 'еҲӣе»әж—¶й—ҙ',
  PRIMARY KEY (`id`) USING BTREE,
  INDEX `idx_create_date`(`create_date` ASC) USING BTREE
) ENGINE = InnoDB CHARACTER SET = utf8mb4 COLLATE = utf8mb4_0900_ai_ci COMMENT = 'ж“ҚдҪңж—Ҙеҝ—' ROW_FORMAT = Dynamic;

-- ----------------------------
-- Records of sys_log_operation
-- ----------------------------

-- ----------------------------
-- Table structure for sys_menu
-- ----------------------------
DROP TABLE IF EXISTS `sys_menu`;
CREATE TABLE `sys_menu`  (
  `id` bigint NOT NULL COMMENT 'id',
  `pid` bigint NULL DEFAULT NULL COMMENT 'дёҠзә§IDпјҢдёҖзә§иҸңеҚ•дёә0',
  `name` varchar(200) CHARACTER SET utf8mb4 COLLATE utf8mb4_0900_ai_ci NULL DEFAULT NULL COMMENT 'еҗҚз§°',
  `url` varchar(200) CHARACTER SET utf8mb4 COLLATE utf8mb4_0900_ai_ci NULL DEFAULT NULL COMMENT 'иҸңеҚ•URL',
  `permissions` varchar(500) CHARACTER SET utf8mb4 COLLATE utf8mb4_0900_ai_ci NULL DEFAULT NULL COMMENT 'жҺҲжқғ(еӨҡдёӘз”ЁйҖ—еҸ·еҲҶйҡ”пјҢеҰӮпјҡsys:user:list,sys:user:save)',
  `menu_type` tinyint UNSIGNED NULL DEFAULT NULL COMMENT 'зұ»еһӢ   0пјҡиҸңеҚ•   1пјҡжҢүй’®',
  `icon` varchar(50) CHARACTER SET utf8mb4 COLLATE utf8mb4_0900_ai_ci NULL DEFAULT NULL COMMENT 'иҸңеҚ•еӣҫж Ү',
  `sort` int NULL DEFAULT NULL COMMENT 'жҺ’еәҸ',
  `creator` bigint NULL DEFAULT NULL COMMENT 'еҲӣе»әиҖ…',
  `create_date` datetime NULL DEFAULT NULL COMMENT 'еҲӣе»әж—¶й—ҙ',
  `updater` bigint NULL DEFAULT NULL COMMENT 'жӣҙж–°иҖ…',
  `update_date` datetime NULL DEFAULT NULL COMMENT 'жӣҙж–°ж—¶й—ҙ',
  PRIMARY KEY (`id`) USING BTREE,
  INDEX `idx_pid`(`pid` ASC) USING BTREE,
  INDEX `idx_sort`(`sort` ASC) USING BTREE
) ENGINE = InnoDB CHARACTER SET = utf8mb4 COLLATE = utf8mb4_0900_ai_ci COMMENT = 'иҸңеҚ•з®ЎзҗҶ' ROW_FORMAT = Dynamic;

-- ----------------------------
-- Records of sys_menu
-- ----------------------------
INSERT INTO `sys_menu` VALUES (1067246875800000002, 1067246875800000055, 'жқғйҷҗз®ЎзҗҶ', NULL, NULL, 1, NULL, 99, 1067246875800000001, '2026-01-28 10:56:16', 1067246875800000001, '2026-02-26 03:50:56');
INSERT INTO `sys_menu` VALUES (1067246875800000005, 1067246875800000055, 'еҲ йҷӨ', NULL, 'sys:user:delete', 1, NULL, 3, 1067246875800000001, '2026-01-28 10:56:16', 1067246875800000001, '2026-01-28 10:56:16');
INSERT INTO `sys_menu` VALUES (1067246875800000006, 1067246875800000055, 'еҜјеҮә', NULL, 'sys:user:export', 1, NULL, 4, 1067246875800000001, '2026-01-28 10:56:16', 1067246875800000001, '2026-01-28 10:56:16');
INSERT INTO `sys_menu` VALUES (1067246875800000007, 1067246875800000055, 'и§’иүІз®ЎзҗҶ', NULL, NULL, 1, NULL, 90, 1067246875800000001, '2026-01-28 10:56:16', 1067246875800000001, '2026-02-26 03:50:56');
INSERT INTO `sys_menu` VALUES (1067246875800000008, 1067246875800000055, 'жҹҘзңӢ', NULL, 'sys:role:page,sys:role:info', 1, NULL, 0, 1067246875800000001, '2026-01-28 10:56:16', 1067246875800000001, '2026-02-26 03:50:56');
INSERT INTO `sys_menu` VALUES (1067246875800000011, 1067246875800000055, 'еҲ йҷӨ', NULL, 'sys:role:delete', 1, NULL, 3, 1067246875800000001, '2026-01-28 10:56:16', 1067246875800000001, '2026-02-26 03:50:56');
INSERT INTO `sys_menu` VALUES (1067246875800000025, 1067246875800000035, 'зі»з»ҹз®ЎзҗҶ', 'sys/menu', NULL, 0, 'icon-unorderedlist', 0, 1067246875800000001, '2026-01-28 10:56:16', 1067246875800000001, '2026-02-26 03:50:55');
INSERT INTO `sys_menu` VALUES (1067246875800000026, 1067246875800000025, 'жҹҘзңӢ', NULL, 'sys:menu:list,sys:menu:info', 1, NULL, 0, 1067246875800000001, '2026-01-28 10:56:16', 1067246875800000001, '2026-01-28 10:56:16');
INSERT INTO `sys_menu` VALUES (1067246875800000027, 1067246875800000025, 'ж–°еўһ', NULL, 'sys:menu:save', 1, NULL, 1, 1067246875800000001, '2026-01-28 10:56:16', 1067246875800000001, '2026-01-28 10:56:16');
INSERT INTO `sys_menu` VALUES (1067246875800000028, 1067246875800000025, 'дҝ®ж”№', NULL, 'sys:menu:update', 1, NULL, 2, 1067246875800000001, '2026-01-28 10:56:16', 1067246875800000001, '2026-01-28 10:56:16');
INSERT INTO `sys_menu` VALUES (1067246875800000029, 1067246875800000025, 'еҲ йҷӨ', NULL, 'sys:menu:delete', 1, NULL, 3, 1067246875800000001, '2026-01-28 10:56:16', 1067246875800000001, '2026-01-28 10:56:16');
INSERT INTO `sys_menu` VALUES (1067246875800000030, 1067246875800000025, 'е®ҡж—¶д»»еҠЎ', NULL, NULL, 1, NULL, 92, 1067246875800000001, '2026-01-28 10:56:16', 1067246875800000001, '2026-02-26 03:50:57');
INSERT INTO `sys_menu` VALUES (1067246875800000031, 1067246875800000025, 'жҹҘзңӢ', NULL, 'sys:schedule:page,sys:schedule:info', 1, NULL, 0, 1067246875800000001, '2026-01-28 10:56:16', 1067246875800000001, '2026-02-26 03:50:57');
INSERT INTO `sys_menu` VALUES (1067246875800000032, 1067246875800000025, 'ж–°еўһ', NULL, 'sys:schedule:save', 1, NULL, 1, 1067246875800000001, '2026-01-28 10:56:16', 1067246875800000001, '2026-02-26 03:50:57');
INSERT INTO `sys_menu` VALUES (1067246875800000033, 1067246875800000025, 'дҝ®ж”№', NULL, 'sys:schedule:update', 1, NULL, 2, 1067246875800000001, '2026-01-28 10:56:16', 1067246875800000001, '2026-02-26 03:50:57');
INSERT INTO `sys_menu` VALUES (1067246875800000034, 1067246875800000025, 'еҲ йҷӨ', NULL, 'sys:schedule:delete', 1, NULL, 3, 1067246875800000001, '2026-01-28 10:56:16', 1067246875800000001, '2026-02-26 03:50:57');
INSERT INTO `sys_menu` VALUES (1067246875800000035, 0, 'зі»з»ҹи®ҫзҪ®', NULL, NULL, 0, 'icon-setting', 3, 1067246875800000001, '2026-01-28 10:56:16', 1067246875800000001, '2026-01-29 15:56:12');
INSERT INTO `sys_menu` VALUES (1067246875800000036, 1067246875800000025, 'жҡӮеҒң', NULL, 'sys:schedule:pause', 1, NULL, 4, 1067246875800000001, '2026-01-28 10:56:16', 1067246875800000001, '2026-02-26 03:50:57');
INSERT INTO `sys_menu` VALUES (1067246875800000037, 1067246875800000025, 'жҒўеӨҚ', NULL, 'sys:schedule:resume', 1, NULL, 5, 1067246875800000001, '2026-01-28 10:56:16', 1067246875800000001, '2026-02-26 03:50:57');
INSERT INTO `sys_menu` VALUES (1067246875800000038, 1067246875800000025, 'з«ӢеҚіжү§иЎҢ', NULL, 'sys:schedule:run', 1, NULL, 6, 1067246875800000001, '2026-01-28 10:56:16', 1067246875800000001, '2026-02-26 03:50:57');
INSERT INTO `sys_menu` VALUES (1067246875800000039, 1067246875800000025, 'ж—Ҙеҝ—еҲ—иЎЁ', NULL, 'sys:schedule:log', 1, NULL, 7, 1067246875800000001, '2026-01-28 10:56:16', 1067246875800000001, '2026-02-26 03:50:57');
INSERT INTO `sys_menu` VALUES (1067246875800000040, 1067246875800000035, 'еҸӮж•°з®ЎзҗҶ', 'sys/params', '', 0, 'icon-fileprotect', 1, 1067246875800000001, '2026-01-28 10:56:16', 1067246875800000001, '2026-02-26 03:50:55');
INSERT INTO `sys_menu` VALUES (1067246875800000041, 1067246875800000025, 'еӯ—е…ёз®ЎзҗҶ', NULL, NULL, 1, NULL, 91, 1067246875800000001, '2026-01-28 10:56:16', 1067246875800000001, '2026-02-26 03:50:57');
INSERT INTO `sys_menu` VALUES (1067246875800000042, 1067246875800000025, 'жҹҘзңӢ', NULL, 'sys:dict:page,sys:dict:info', 1, NULL, 0, 1067246875800000001, '2026-01-28 10:56:16', 1067246875800000001, '2026-02-26 03:50:57');
INSERT INTO `sys_menu` VALUES (1067246875800000043, 1067246875800000025, 'ж–°еўһ', NULL, 'sys:dict:save', 1, NULL, 1, 1067246875800000001, '2026-01-28 10:56:16', 1067246875800000001, '2026-02-26 03:50:57');
INSERT INTO `sys_menu` VALUES (1067246875800000044, 1067246875800000025, 'дҝ®ж”№', NULL, 'sys:dict:update', 1, NULL, 2, 1067246875800000001, '2026-01-28 10:56:16', 1067246875800000001, '2026-02-26 03:50:57');
INSERT INTO `sys_menu` VALUES (1067246875800000045, 1067246875800000025, 'еҲ йҷӨ', NULL, 'sys:dict:delete', 1, NULL, 3, 1067246875800000001, '2026-01-28 10:56:16', 1067246875800000001, '2026-02-26 03:50:57');
INSERT INTO `sys_menu` VALUES (1067246875800000046, 1067246875800000048, 'ж—Ҙеҝ—з®ЎзҗҶ', NULL, NULL, 1, NULL, 99, 1067246875800000001, '2026-01-28 10:56:16', 1067246875800000001, '2026-02-26 03:50:58');
INSERT INTO `sys_menu` VALUES (1067246875800000048, 1067246875800000035, 'ж—Ҙеҝ—з®ЎзҗҶ', 'sys/log-login', 'sys:log:login', 0, 'icon-filedone', 3, 1067246875800000001, '2026-01-28 10:56:16', 1067246875800000001, '2026-02-26 03:50:56');
INSERT INTO `sys_menu` VALUES (1067246875800000049, 1067246875800000048, 'ж“ҚдҪңж—Ҙеҝ—', NULL, 'sys:log:operation', 1, NULL, 91, 1067246875800000001, '2026-01-28 10:56:16', 1067246875800000001, '2026-02-26 03:50:57');
INSERT INTO `sys_menu` VALUES (1067246875800000050, 1067246875800000048, 'ејӮеёёж—Ҙеҝ—', NULL, 'sys:log:error', 1, NULL, 92, 1067246875800000001, '2026-01-28 10:56:16', 1067246875800000001, '2026-02-26 03:50:57');
INSERT INTO `sys_menu` VALUES (1067246875800000055, 1067246875800000035, 'жқғйҷҗз®ЎзҗҶ', 'sys/user', NULL, 0, 'icon-user', 2, 1067246875800000001, '2026-01-28 10:56:16', 1067246875800000001, '2026-02-26 03:50:55');
INSERT INTO `sys_menu` VALUES (1067246875800000056, 1067246875800000055, 'жҹҘзңӢ', NULL, 'sys:user:page,sys:user:info', 1, NULL, 0, 1067246875800000001, '2026-01-28 10:56:16', 1067246875800000001, '2026-01-28 10:56:16');
INSERT INTO `sys_menu` VALUES (1067246875800000057, 1067246875800000040, 'ж–°еўһ', NULL, 'sys:params:save', 1, NULL, 1, 1067246875800000001, '2026-01-28 10:56:16', 1067246875800000001, '2026-01-28 10:56:16');
INSERT INTO `sys_menu` VALUES (1067246875800000058, 1067246875800000040, 'еҜјеҮә', NULL, 'sys:params:export', 1, NULL, 4, 1067246875800000001, '2026-01-28 10:56:16', 1067246875800000001, '2026-01-28 10:56:16');
INSERT INTO `sys_menu` VALUES (1067246875800000059, 1067246875800000040, 'жҹҘзңӢ', '', 'sys:params:page,sys:params:info', 1, NULL, 0, 1067246875800000001, '2026-01-28 10:56:16', 1067246875800000001, '2026-01-28 10:56:16');
INSERT INTO `sys_menu` VALUES (1067246875800000060, 1067246875800000040, 'дҝ®ж”№', NULL, 'sys:params:update', 1, NULL, 2, 1067246875800000001, '2026-01-28 10:56:16', 1067246875800000001, '2026-01-28 10:56:16');
INSERT INTO `sys_menu` VALUES (1067246875800000061, 1067246875800000040, 'еҲ йҷӨ', '', 'sys:params:delete', 1, '', 3, 1067246875800000001, '2026-01-28 10:56:16', 1067246875800000001, '2026-01-28 10:56:16');
INSERT INTO `sys_menu` VALUES (1900000000000000001, 0, 'е‘ҠиӯҰз®ЎзҗҶ', NULL, NULL, 0, 'icon-bell', 1, 1067246875800000001, '2026-01-29 00:55:05', 1067246875800000001, '2026-01-29 15:56:01');
INSERT INTO `sys_menu` VALUES (1900000000000000101, 1900000000000000001, 'е‘ҠиӯҰеӘ’д»Ӣ', 'alert/media', NULL, 0, 'icon-mail', 1, 1067246875800000001, '2026-01-29 00:55:05', 1067246875800000001, '2026-01-29 00:55:05');
INSERT INTO `sys_menu` VALUES (1900000000000000102, 1900000000000000001, 'е‘ҠиӯҰжЁЎжқҝ', 'alert/template', NULL, 0, 'icon-file-text', 2, 1067246875800000001, '2026-01-29 00:55:05', 1067246875800000001, '2026-01-29 00:55:05');
INSERT INTO `sys_menu` VALUES (1900000000000000103, 1900000000000000001, 'е‘ҠиӯҰи§ҰеҸ‘еҷЁ', 'alert/trigger', NULL, 0, 'icon-Partition', 3, 1067246875800000001, '2026-01-29 00:55:05', 1067246875800000001, '2026-01-29 08:43:46');
INSERT INTO `sys_menu` VALUES (1900000000000000104, 1900000000000000001, 'е‘ҠиӯҰи®°еҪ•', 'alert/record', NULL, 0, 'icon-notification', 4, 1067246875800000001, '2026-01-29 00:55:05', 1067246875800000001, '2026-01-29 00:55:05');
INSERT INTO `sys_menu` VALUES (1900000000000000201, 1900000000000000101, 'жҹҘзңӢ', NULL, 'alert:media:page,alert:media:info', 1, NULL, 0, 1067246875800000001, '2026-01-29 00:55:05', 1067246875800000001, '2026-01-29 00:55:05');
INSERT INTO `sys_menu` VALUES (1900000000000000202, 1900000000000000101, 'ж–°еўһ', NULL, 'alert:media:save', 1, NULL, 1, 1067246875800000001, '2026-01-29 00:55:05', 1067246875800000001, '2026-01-29 00:55:05');
INSERT INTO `sys_menu` VALUES (1900000000000000203, 1900000000000000101, 'дҝ®ж”№', NULL, 'alert:media:update', 1, NULL, 2, 1067246875800000001, '2026-01-29 00:55:05', 1067246875800000001, '2026-01-29 00:55:05');
INSERT INTO `sys_menu` VALUES (1900000000000000204, 1900000000000000101, 'еҲ йҷӨ', NULL, 'alert:media:delete', 1, NULL, 3, 1067246875800000001, '2026-01-29 00:55:05', 1067246875800000001, '2026-01-29 00:55:05');
INSERT INTO `sys_menu` VALUES (1900000000000000205, 1900000000000000101, 'жөӢиҜ•', NULL, 'alert:media:test', 1, NULL, 4, 1067246875800000001, '2026-01-29 00:55:05', 1067246875800000001, '2026-01-29 00:55:05');
INSERT INTO `sys_menu` VALUES (1900000000000000301, 1900000000000000102, 'жҹҘзңӢ', NULL, 'alert:template:page,alert:template:info', 1, NULL, 0, 1067246875800000001, '2026-01-29 00:55:05', 1067246875800000001, '2026-01-29 00:55:05');
INSERT INTO `sys_menu` VALUES (1900000000000000302, 1900000000000000102, 'ж–°еўһ', NULL, 'alert:template:save', 1, NULL, 1, 1067246875800000001, '2026-01-29 00:55:05', 1067246875800000001, '2026-01-29 00:55:05');
INSERT INTO `sys_menu` VALUES (1900000000000000303, 1900000000000000102, 'дҝ®ж”№', NULL, 'alert:template:update', 1, NULL, 2, 1067246875800000001, '2026-01-29 00:55:05', 1067246875800000001, '2026-01-29 00:55:05');
INSERT INTO `sys_menu` VALUES (1900000000000000304, 1900000000000000102, 'еҲ йҷӨ', NULL, 'alert:template:delete', 1, NULL, 3, 1067246875800000001, '2026-01-29 00:55:05', 1067246875800000001, '2026-01-29 00:55:05');
INSERT INTO `sys_menu` VALUES (1900000000000000305, 1900000000000000102, 'жөӢиҜ•', NULL, 'alert:template:test', 1, NULL, 4, 1067246875800000001, '2026-01-29 00:55:05', 1067246875800000001, '2026-01-29 00:55:05');
INSERT INTO `sys_menu` VALUES (1900000000000000401, 1900000000000000103, 'жҹҘзңӢ', NULL, 'alert:trigger:page,alert:trigger:info', 1, NULL, 0, 1067246875800000001, '2026-01-29 00:55:05', 1067246875800000001, '2026-01-29 00:55:05');
INSERT INTO `sys_menu` VALUES (1900000000000000402, 1900000000000000103, 'ж–°еўһ', NULL, 'alert:trigger:save', 1, NULL, 1, 1067246875800000001, '2026-01-29 00:55:05', 1067246875800000001, '2026-01-29 00:55:05');
INSERT INTO `sys_menu` VALUES (1900000000000000403, 1900000000000000103, 'дҝ®ж”№', NULL, 'alert:trigger:update', 1, NULL, 2, 1067246875800000001, '2026-01-29 00:55:05', 1067246875800000001, '2026-01-29 00:55:05');
INSERT INTO `sys_menu` VALUES (1900000000000000404, 1900000000000000103, 'еҲ йҷӨ', NULL, 'alert:trigger:delete', 1, NULL, 3, 1067246875800000001, '2026-01-29 00:55:05', 1067246875800000001, '2026-01-29 00:55:05');
INSERT INTO `sys_menu` VALUES (1900000000000000501, 1900000000000000104, 'жҹҘзңӢ', NULL, 'alert:record:page,alert:record:info', 1, NULL, 0, 1067246875800000001, '2026-01-29 00:55:05', 1067246875800000001, '2026-01-29 00:55:05');
INSERT INTO `sys_menu` VALUES (1900000000000000502, 1900000000000000104, 'еҲ йҷӨ', NULL, 'alert:record:delete', 1, NULL, 1, 1067246875800000001, '2026-01-29 00:55:05', 1067246875800000001, '2026-01-29 00:55:05');
INSERT INTO `sys_menu` VALUES (2016424054654828545, 2016426590938480641, 'WINи®ҫеӨҮз®ЎзҗҶ', 'ops/windowhost', NULL, 0, 'icon-windows', 2, 1067246875800000001, '2026-01-28 16:19:01', 1067246875800000001, '2026-01-28 16:26:32');
INSERT INTO `sys_menu` VALUES (2016424054654828546, 2016424054654828545, 'жҹҘзңӢ', NULL, 'ops:windowhost:page,ops:windowhost:info', 1, NULL, 0, 1067246875800000001, '2026-01-28 16:19:01', 1067246875800000001, '2026-01-28 16:19:01');
INSERT INTO `sys_menu` VALUES (2016424054654828547, 2016424054654828545, 'ж–°еўһ', NULL, 'ops:windowhost:save', 1, NULL, 1, 1067246875800000001, '2026-01-28 16:19:01', 1067246875800000001, '2026-01-28 16:19:01');
INSERT INTO `sys_menu` VALUES (2016424054654828548, 2016424054654828545, 'дҝ®ж”№', NULL, 'ops:windowhost:update', 1, NULL, 2, 1067246875800000001, '2026-01-28 16:19:01', 1067246875800000001, '2026-01-28 16:19:01');
INSERT INTO `sys_menu` VALUES (2016424054654828549, 2016424054654828545, 'еҲ йҷӨ', NULL, 'ops:windowhost:delete', 1, NULL, 3, 1067246875800000001, '2026-01-28 16:19:01', 1067246875800000001, '2026-01-28 16:19:01');
INSERT INTO `sys_menu` VALUES (2016424054654828550, 2016424054654828545, 'еҜјеҮә', NULL, 'ops:windowhost:export', 1, NULL, 4, 1067246875800000001, '2026-01-28 16:19:01', 1067246875800000001, '2026-01-28 16:19:01');
INSERT INTO `sys_menu` VALUES (2016424054856155138, 2016429000000000301, 'еӨҮд»ҪиҠӮзӮ№з®ЎзҗҶ', 'ops/backupagent', NULL, 0, 'icon-sisternode', 0, 1067246875800000001, '2026-01-28 16:19:01', 1067246875800000001, '2026-01-28 16:53:21');
INSERT INTO `sys_menu` VALUES (2016424054856155139, 2016424054856155138, 'жҹҘзңӢ', NULL, 'ops:backupagent:page,ops:backupagent:info', 1, NULL, 0, 1067246875800000001, '2026-01-28 16:19:01', 1067246875800000001, '2026-01-28 16:19:01');
INSERT INTO `sys_menu` VALUES (2016424054856155140, 2016424054856155138, 'ж–°еўһ', NULL, 'ops:backupagent:save', 1, NULL, 1, 1067246875800000001, '2026-01-28 16:19:01', 1067246875800000001, '2026-01-28 16:19:01');
INSERT INTO `sys_menu` VALUES (2016424054856155141, 2016424054856155138, 'дҝ®ж”№', NULL, 'ops:backupagent:update', 1, NULL, 2, 1067246875800000001, '2026-01-28 16:19:01', 1067246875800000001, '2026-01-28 16:19:01');
INSERT INTO `sys_menu` VALUES (2016424054856155142, 2016424054856155138, 'еҲ йҷӨ', NULL, 'ops:backupagent:delete', 1, NULL, 3, 1067246875800000001, '2026-01-28 16:19:01', 1067246875800000001, '2026-01-28 16:19:01');
INSERT INTO `sys_menu` VALUES (2016424054856155143, 2016424054856155138, 'еҜјеҮә', NULL, 'ops:backupagent:export', 1, NULL, 4, 1067246875800000001, '2026-01-28 16:19:01', 1067246875800000001, '2026-01-28 16:19:01');
INSERT INTO `sys_menu` VALUES (2016424054986178562, 2016426590938480641, 'зҪ‘з»ңз«ҷзӮ№з®ЎзҗҶ', 'ops/businesssystem', NULL, 0, 'icon-file-text', 3, 1067246875800000001, '2026-01-28 16:19:01', 1067246875800000001, '2026-02-28 14:10:44');
INSERT INTO `sys_menu` VALUES (2016424054986178563, 2016424054986178562, 'жҹҘзңӢ', NULL, 'ops:businesssystem:page,ops:businesssystem:info', 1, NULL, 0, 1067246875800000001, '2026-01-28 16:19:01', 1067246875800000001, '2026-01-28 16:19:01');
INSERT INTO `sys_menu` VALUES (2016424054986178564, 2016424054986178562, 'ж–°еўһ', NULL, 'ops:businesssystem:save', 1, NULL, 1, 1067246875800000001, '2026-01-28 16:19:01', 1067246875800000001, '2026-01-28 16:19:01');
INSERT INTO `sys_menu` VALUES (2016424054986178565, 2016424054986178562, 'дҝ®ж”№', NULL, 'ops:businesssystem:update', 1, NULL, 2, 1067246875800000001, '2026-01-28 16:19:01', 1067246875800000001, '2026-01-28 16:19:01');
INSERT INTO `sys_menu` VALUES (2016424054986178566, 2016424054986178562, 'еҲ йҷӨ', NULL, 'ops:businesssystem:delete', 1, NULL, 3, 1067246875800000001, '2026-01-28 16:19:01', 1067246875800000001, '2026-01-28 16:19:01');
INSERT INTO `sys_menu` VALUES (2016424054986178567, 2016424054986178562, 'еҜјеҮә', NULL, 'ops:businesssystem:export', 1, NULL, 4, 1067246875800000001, '2026-01-28 16:19:01', 1067246875800000001, '2026-01-28 16:19:01');
INSERT INTO `sys_menu` VALUES (2016426590938480641, 0, 'и®ҫеӨҮз®ЎзҗҶ', '', '', 0, 'icon-wrench-fill', 0, 1067246875800000001, '2026-01-28 16:22:17', 1067246875800000001, '2026-01-29 15:55:52');
INSERT INTO `sys_menu` VALUES (2016427449415434242, 2016426590938480641, 'LNXи®ҫеӨҮз®ЎзҗҶ', 'ops/linuxhost', NULL, 0, 'icon-cloud-server', 1, 1067246875800000001, '2026-01-28 16:51:24', 1067246875800000001, '2026-02-28 14:10:13');
INSERT INTO `sys_menu` VALUES (2016427449415434243, 2016427449415434242, 'жҹҘзңӢ', NULL, 'ops:linuxhost:page,ops:linuxhost:info', 1, NULL, 0, 1067246875800000001, '2026-01-28 16:51:24', 1067246875800000001, '2026-01-28 16:51:24');
INSERT INTO `sys_menu` VALUES (2016427449415434244, 2016427449415434242, 'ж–°еўһ', NULL, 'ops:linuxhost:save', 1, NULL, 1, 1067246875800000001, '2026-01-28 16:51:24', 1067246875800000001, '2026-01-28 16:51:24');
INSERT INTO `sys_menu` VALUES (2016427449415434245, 2016427449415434242, 'дҝ®ж”№', NULL, 'ops:linuxhost:update', 1, NULL, 2, 1067246875800000001, '2026-01-28 16:51:24', 1067246875800000001, '2026-01-28 16:51:24');
INSERT INTO `sys_menu` VALUES (2016427449415434246, 2016427449415434242, 'еҲ йҷӨ', NULL, 'ops:linuxhost:delete', 1, NULL, 3, 1067246875800000001, '2026-01-28 16:51:24', 1067246875800000001, '2026-01-28 16:51:24');
INSERT INTO `sys_menu` VALUES (2016427449415434247, 2016427449415434242, 'еҜјеҮә', NULL, 'ops:linuxhost:export', 1, NULL, 4, 1067246875800000001, '2026-01-28 16:51:24', 1067246875800000001, '2026-01-28 16:51:24');
INSERT INTO `sys_menu` VALUES (2016427449415434248, 2016424054654828545, 'еҜје…Ҙ', NULL, 'ops:windowhost:import', 1, NULL, 5, 1067246875800000001, '2026-01-28 17:37:22', 1067246875800000001, '2026-01-28 17:37:22');
INSERT INTO `sys_menu` VALUES (2016427449415434249, 2016424054654828545, 'дёӢиҪҪжЁЎжқҝ', NULL, 'ops:windowhost:template', 1, NULL, 6, 1067246875800000001, '2026-01-28 17:37:22', 1067246875800000001, '2026-01-28 17:37:22');
INSERT INTO `sys_menu` VALUES (2016427449415434250, 2016427449415434242, 'еҜје…Ҙ', NULL, 'ops:linuxhost:import', 1, NULL, 5, 1067246875800000001, '2026-01-28 17:37:22', 1067246875800000001, '2026-01-28 17:37:22');
INSERT INTO `sys_menu` VALUES (2016427449415434251, 2016427449415434242, 'дёӢиҪҪжЁЎжқҝ', NULL, 'ops:linuxhost:template', 1, NULL, 6, 1067246875800000001, '2026-01-28 17:37:22', 1067246875800000001, '2026-01-28 17:37:22');
INSERT INTO `sys_menu` VALUES (2016427449415434252, 2016424054986178562, 'еҜје…Ҙ', NULL, 'ops:businesssystem:import', 1, NULL, 5, 1067246875800000001, '2026-01-28 17:37:22', 1067246875800000001, '2026-01-28 17:37:22');
INSERT INTO `sys_menu` VALUES (2016427449415434253, 2016424054986178562, 'дёӢиҪҪжЁЎжқҝ', NULL, 'ops:businesssystem:template', 1, NULL, 6, 1067246875800000001, '2026-01-28 17:37:22', 1067246875800000001, '2026-01-28 17:37:22');
INSERT INTO `sys_menu` VALUES (2016427449415434256, 2016424054856155138, 'еҜје…Ҙ', NULL, 'ops:backupagent:import', 1, NULL, 5, 1067246875800000001, '2026-01-28 17:37:22', 1067246875800000001, '2026-01-28 17:37:22');
INSERT INTO `sys_menu` VALUES (2016427449415434257, 2016424054856155138, 'дёӢиҪҪжЁЎжқҝ', NULL, 'ops:backupagent:template', 1, NULL, 6, 1067246875800000001, '2026-01-28 17:37:22', 1067246875800000001, '2026-01-28 17:37:22');
INSERT INTO `sys_menu` VALUES (2016429000000000001, 2016429000000000301, 'еӨҮд»Ҫи®°еҪ•', 'ops/devicebackup-record', NULL, 0, 'icon-filedone', 2, 1067246875800000001, '2026-01-29 15:31:45', 1067246875800000001, '2026-01-29 15:31:45');
INSERT INTO `sys_menu` VALUES (2016429000000000101, 2016429000000000001, 'жҹҘзңӢ', NULL, 'ops:devicebackuprecord:page,ops:devicebackuprecord:info', 1, NULL, 0, 1067246875800000001, '2026-01-29 15:31:45', 1067246875800000001, '2026-01-29 15:31:45');
INSERT INTO `sys_menu` VALUES (2016429000000000102, 2016429000000000001, 'еҲ йҷӨ', NULL, 'ops:devicebackuprecord:delete', 1, NULL, 1, 1067246875800000001, '2026-01-29 15:31:45', 1067246875800000001, '2026-01-29 15:31:45');
INSERT INTO `sys_menu` VALUES (2016429000000000103, 2016429000000000001, 'еҺҶеҸІ', NULL, 'ops:devicebackuprecord:history', 1, NULL, 2, 1067246875800000001, '2026-01-29 18:16:58', 1067246875800000001, '2026-01-29 18:16:58');
INSERT INTO `sys_menu` VALUES (2016429000000000104, 2016429000000000001, 'еҜ№жҜ”', NULL, 'ops:devicebackuprecord:diff', 1, NULL, 3, 1067246875800000001, '2026-01-29 18:16:58', 1067246875800000001, '2026-01-29 18:16:58');
INSERT INTO `sys_menu` VALUES (2016429000000000105, 2016429000000000001, 'йў„и§Ҳ', NULL, 'ops:devicebackuprecord:preview', 1, NULL, 4, 1067246875800000001, '2026-01-29 18:24:15', 1067246875800000001, '2026-01-29 18:24:15');
INSERT INTO `sys_menu` VALUES (2016429000000000106, 2016429000000000001, 'дёӢиҪҪ', NULL, 'ops:devicebackuprecord:download', 1, NULL, 5, 1067246875800000001, '2026-01-29 19:32:40', 1067246875800000001, '2026-01-29 19:32:40');
INSERT INTO `sys_menu` VALUES (2016429000000000301, 0, 'еӨҮд»Ҫз®ЎзҗҶ', NULL, NULL, 0, 'icon-filesync', 2, 1067246875800000001, '2026-01-29 15:52:39', 1067246875800000001, '2026-01-29 15:56:48');
INSERT INTO `sys_menu` VALUES (2026022600010000001, 2016426590938480641, 'зҪ‘з»ңи®ҫеӨҮз®ЎзҗҶ', 'ops/networkhost', NULL, 0, 'icon-Partition', 5, 1067246875800000001, '2026-02-27 00:21:55', 1067246875800000001, '2026-02-27 08:52:50');
INSERT INTO `sys_menu` VALUES (2026022600010000002, 2026022600010000001, 'жҹҘзңӢ', NULL, 'ops:networkhost:page', 1, NULL, 0, 1067246875800000001, '2026-02-27 00:21:56', 1067246875800000001, '2026-02-27 00:21:56');
INSERT INTO `sys_menu` VALUES (2100000000000000101, 2016426590938480641, 'зӣ‘жҺ§з»„д»¶з®ЎзҗҶ', 'monitor/component', NULL, 0, 'icon-project', 0, 1067246875800000001, '2026-01-30 17:33:44', 1067246875800000001, '2026-01-30 17:33:44');
INSERT INTO `sys_menu` VALUES (2100000000000000102, 2100000000000000101, 'жҹҘзңӢ', NULL, 'ops:monitorcomponent:page,ops:monitorcomponent:info', 1, NULL, 0, 1067246875800000001, '2026-01-30 17:33:44', 1067246875800000001, '2026-01-30 17:33:44');
INSERT INTO `sys_menu` VALUES (2100000000000000103, 2100000000000000101, 'ж–°еўһ', NULL, 'ops:monitorcomponent:save', 1, NULL, 1, 1067246875800000001, '2026-01-30 17:33:44', 1067246875800000001, '2026-01-30 17:33:44');
INSERT INTO `sys_menu` VALUES (2100000000000000104, 2100000000000000101, 'дҝ®ж”№', NULL, 'ops:monitorcomponent:update', 1, NULL, 2, 1067246875800000001, '2026-01-30 17:33:44', 1067246875800000001, '2026-01-30 17:33:44');
INSERT INTO `sys_menu` VALUES (2100000000000000105, 2100000000000000101, 'еҲ йҷӨ', NULL, 'ops:monitorcomponent:delete', 1, NULL, 3, 1067246875800000001, '2026-01-30 17:33:44', 1067246875800000001, '2026-01-30 17:33:44');
INSERT INTO `sys_menu` VALUES (2100000000000000106, 2100000000000000101, 'жҺўжөӢ', NULL, 'ops:monitorcomponent:probe', 1, NULL, 4, 1067246875800000001, '2026-01-30 17:33:44', 1067246875800000001, '2026-01-30 17:33:44');
INSERT INTO `sys_menu` VALUES (2100000000000000107, 2100000000000000101, 'зүҲжң¬жЈҖжөӢ', NULL, 'ops:monitorcomponent:version', 1, NULL, 5, 1067246875800000001, '2026-01-30 17:33:44', 1067246875800000001, '2026-01-30 17:33:44');

-- ----------------------------
-- Table structure for sys_params
-- ----------------------------
DROP TABLE IF EXISTS `sys_params`;
CREATE TABLE `sys_params`  (
  `id` bigint NOT NULL COMMENT 'id',
  `param_code` varchar(32) CHARACTER SET utf8mb4 COLLATE utf8mb4_0900_ai_ci NULL DEFAULT NULL COMMENT 'еҸӮж•°зј–з Ғ',
  `param_value` varchar(2000) CHARACTER SET utf8mb4 COLLATE utf8mb4_0900_ai_ci NULL DEFAULT NULL COMMENT 'еҸӮж•°еҖј',
  `param_type` tinyint UNSIGNED NULL DEFAULT 1 COMMENT 'зұ»еһӢ   0пјҡзі»з»ҹеҸӮж•°   1пјҡйқһзі»з»ҹеҸӮж•°',
  `remark` varchar(200) CHARACTER SET utf8mb4 COLLATE utf8mb4_0900_ai_ci NULL DEFAULT NULL COMMENT 'еӨҮжіЁ',
  `creator` bigint NULL DEFAULT NULL COMMENT 'еҲӣе»әиҖ…',
  `create_date` datetime NULL DEFAULT NULL COMMENT 'еҲӣе»әж—¶й—ҙ',
  `updater` bigint NULL DEFAULT NULL COMMENT 'жӣҙж–°иҖ…',
  `update_date` datetime NULL DEFAULT NULL COMMENT 'жӣҙж–°ж—¶й—ҙ',
  PRIMARY KEY (`id`) USING BTREE,
  UNIQUE INDEX `uk_param_code`(`param_code` ASC) USING BTREE,
  INDEX `idx_create_date`(`create_date` ASC) USING BTREE
) ENGINE = InnoDB CHARACTER SET = utf8mb4 COLLATE = utf8mb4_0900_ai_ci COMMENT = 'еҸӮж•°з®ЎзҗҶ' ROW_FORMAT = Dynamic;

-- ----------------------------
-- Records of sys_params
-- ----------------------------

-- ----------------------------
-- Table structure for sys_role
-- ----------------------------
DROP TABLE IF EXISTS `sys_role`;
CREATE TABLE `sys_role`  (
  `id` bigint NOT NULL COMMENT 'id',
  `name` varchar(50) CHARACTER SET utf8mb4 COLLATE utf8mb4_0900_ai_ci NULL DEFAULT NULL COMMENT 'и§’иүІеҗҚз§°',
  `remark` varchar(100) CHARACTER SET utf8mb4 COLLATE utf8mb4_0900_ai_ci NULL DEFAULT NULL COMMENT 'еӨҮжіЁ',
  `creator` bigint NULL DEFAULT NULL COMMENT 'еҲӣе»әиҖ…',
  `create_date` datetime NULL DEFAULT NULL COMMENT 'еҲӣе»әж—¶й—ҙ',
  `updater` bigint NULL DEFAULT NULL COMMENT 'жӣҙж–°иҖ…',
  `update_date` datetime NULL DEFAULT NULL COMMENT 'жӣҙж–°ж—¶й—ҙ',
  PRIMARY KEY (`id`) USING BTREE
) ENGINE = InnoDB CHARACTER SET = utf8mb4 COLLATE = utf8mb4_0900_ai_ci COMMENT = 'и§’иүІз®ЎзҗҶ' ROW_FORMAT = Dynamic;

-- ----------------------------
-- Records of sys_role
-- ----------------------------
INSERT INTO `sys_role` VALUES (2016354427531419649, 'жҷ®йҖҡз”ЁжҲ·', '', 1067246875800000001, '2026-01-28 11:35:32', 1067246875800000001, '2026-02-24 17:15:18');

-- ----------------------------
-- Table structure for sys_role_menu
-- ----------------------------
DROP TABLE IF EXISTS `sys_role_menu`;
CREATE TABLE `sys_role_menu`  (
  `id` bigint NOT NULL COMMENT 'id',
  `role_id` bigint NULL DEFAULT NULL COMMENT 'и§’иүІID',
  `menu_id` bigint NULL DEFAULT NULL COMMENT 'иҸңеҚ•ID',
  `creator` bigint NULL DEFAULT NULL COMMENT 'еҲӣе»әиҖ…',
  `create_date` datetime NULL DEFAULT NULL COMMENT 'еҲӣе»әж—¶й—ҙ',
  PRIMARY KEY (`id`) USING BTREE,
  INDEX `idx_role_id`(`role_id` ASC) USING BTREE,
  INDEX `idx_menu_id`(`menu_id` ASC) USING BTREE
) ENGINE = InnoDB CHARACTER SET = utf8mb4 COLLATE = utf8mb4_0900_ai_ci COMMENT = 'и§’иүІиҸңеҚ•е…ізі»' ROW_FORMAT = Dynamic;

-- ----------------------------
-- Records of sys_role_menu
-- ----------------------------
INSERT INTO `sys_role_menu` VALUES (2026224423388684290, 2016354427531419649, 2016426590938480641, 1067246875800000001, '2026-02-24 17:15:23');
INSERT INTO `sys_role_menu` VALUES (2026224423778754561, 2016354427531419649, 2100000000000000101, 1067246875800000001, '2026-02-24 17:15:23');
INSERT INTO `sys_role_menu` VALUES (2026224424105910274, 2016354427531419649, 2100000000000000102, 1067246875800000001, '2026-02-24 17:15:23');
INSERT INTO `sys_role_menu` VALUES (2026224424500174850, 2016354427531419649, 2100000000000000103, 1067246875800000001, '2026-02-24 17:15:23');
INSERT INTO `sys_role_menu` VALUES (2026224424823136257, 2016354427531419649, 2100000000000000104, 1067246875800000001, '2026-02-24 17:15:23');
INSERT INTO `sys_role_menu` VALUES (2026224425217400834, 2016354427531419649, 2100000000000000105, 1067246875800000001, '2026-02-24 17:15:23');
INSERT INTO `sys_role_menu` VALUES (2026224425536167938, 2016354427531419649, 2100000000000000106, 1067246875800000001, '2026-02-24 17:15:23');
INSERT INTO `sys_role_menu` VALUES (2026224425926238210, 2016354427531419649, 2100000000000000107, 1067246875800000001, '2026-02-24 17:15:23');
INSERT INTO `sys_role_menu` VALUES (2026224429197795329, 2016354427531419649, 2016427449415434242, 1067246875800000001, '2026-02-24 17:15:24');
INSERT INTO `sys_role_menu` VALUES (2026224429520756738, 2016354427531419649, 2016427449415434243, 1067246875800000001, '2026-02-24 17:15:24');
INSERT INTO `sys_role_menu` VALUES (2026224429915021313, 2016354427531419649, 2016427449415434244, 1067246875800000001, '2026-02-24 17:15:24');
INSERT INTO `sys_role_menu` VALUES (2026224430296702978, 2016354427531419649, 2016427449415434245, 1067246875800000001, '2026-02-24 17:15:24');
INSERT INTO `sys_role_menu` VALUES (2026224430623858689, 2016354427531419649, 2016427449415434246, 1067246875800000001, '2026-02-24 17:15:24');
INSERT INTO `sys_role_menu` VALUES (2026224431005540354, 2016354427531419649, 2016427449415434247, 1067246875800000001, '2026-02-24 17:15:25');
INSERT INTO `sys_role_menu` VALUES (2026224431320113154, 2016354427531419649, 2016427449415434250, 1067246875800000001, '2026-02-24 17:15:25');
INSERT INTO `sys_role_menu` VALUES (2026224431697600513, 2016354427531419649, 2016427449415434251, 1067246875800000001, '2026-02-24 17:15:25');
INSERT INTO `sys_role_menu` VALUES (2026224432066699265, 2016354427531419649, 2016424054654828545, 1067246875800000001, '2026-02-24 17:15:25');
INSERT INTO `sys_role_menu` VALUES (2026224432460963841, 2016354427531419649, 2016424054654828546, 1067246875800000001, '2026-02-24 17:15:25');
INSERT INTO `sys_role_menu` VALUES (2026224432872005634, 2016354427531419649, 2016424054654828547, 1067246875800000001, '2026-02-24 17:15:25');
INSERT INTO `sys_role_menu` VALUES (2026224433220132865, 2016354427531419649, 2016424054654828548, 1067246875800000001, '2026-02-24 17:15:25');
INSERT INTO `sys_role_menu` VALUES (2026224433568260098, 2016354427531419649, 2016424054654828549, 1067246875800000001, '2026-02-24 17:15:25');
INSERT INTO `sys_role_menu` VALUES (2026224433949941761, 2016354427531419649, 2016424054654828550, 1067246875800000001, '2026-02-24 17:15:25');
INSERT INTO `sys_role_menu` VALUES (2026224434302263298, 2016354427531419649, 2016427449415434248, 1067246875800000001, '2026-02-24 17:15:25');
INSERT INTO `sys_role_menu` VALUES (2026224434675556353, 2016354427531419649, 2016427449415434249, 1067246875800000001, '2026-02-24 17:15:25');
INSERT INTO `sys_role_menu` VALUES (2026224435036266498, 2016354427531419649, 2016424054986178562, 1067246875800000001, '2026-02-24 17:15:25');
INSERT INTO `sys_role_menu` VALUES (2026224435380199425, 2016354427531419649, 2016424054986178563, 1067246875800000001, '2026-02-24 17:15:26');
INSERT INTO `sys_role_menu` VALUES (2026224435736715265, 2016354427531419649, 2016424054986178564, 1067246875800000001, '2026-02-24 17:15:26');
INSERT INTO `sys_role_menu` VALUES (2026224436059676673, 2016354427531419649, 2016424054986178565, 1067246875800000001, '2026-02-24 17:15:26');
INSERT INTO `sys_role_menu` VALUES (2026224436474912770, 2016354427531419649, 2016424054986178566, 1067246875800000001, '2026-02-24 17:15:26');
INSERT INTO `sys_role_menu` VALUES (2026224436806262785, 2016354427531419649, 2016424054986178567, 1067246875800000001, '2026-02-24 17:15:26');
INSERT INTO `sys_role_menu` VALUES (2026224437158584321, 2016354427531419649, 2016427449415434252, 1067246875800000001, '2026-02-24 17:15:26');
INSERT INTO `sys_role_menu` VALUES (2026224437544460289, 2016354427531419649, 2016427449415434253, 1067246875800000001, '2026-02-24 17:15:26');
INSERT INTO `sys_role_menu` VALUES (2026224437926141954, 2016354427531419649, 1900000000000000001, 1067246875800000001, '2026-02-24 17:15:26');
INSERT INTO `sys_role_menu` VALUES (2026224438312017921, 2016354427531419649, 1900000000000000101, 1067246875800000001, '2026-02-24 17:15:26');
INSERT INTO `sys_role_menu` VALUES (2026224438651756546, 2016354427531419649, 1900000000000000201, 1067246875800000001, '2026-02-24 17:15:26');
INSERT INTO `sys_role_menu` VALUES (2026224439054409729, 2016354427531419649, 1900000000000000202, 1067246875800000001, '2026-02-24 17:15:26');
INSERT INTO `sys_role_menu` VALUES (2026224439364788226, 2016354427531419649, 1900000000000000203, 1067246875800000001, '2026-02-24 17:15:27');
INSERT INTO `sys_role_menu` VALUES (2026224439750664194, 2016354427531419649, 1900000000000000204, 1067246875800000001, '2026-02-24 17:15:27');
INSERT INTO `sys_role_menu` VALUES (2026224440128151554, 2016354427531419649, 1900000000000000205, 1067246875800000001, '2026-02-24 17:15:27');
INSERT INTO `sys_role_menu` VALUES (2026224440459501570, 2016354427531419649, 1900000000000000102, 1067246875800000001, '2026-02-24 17:15:27');
INSERT INTO `sys_role_menu` VALUES (2026224440841183233, 2016354427531419649, 1900000000000000301, 1067246875800000001, '2026-02-24 17:15:27');
INSERT INTO `sys_role_menu` VALUES (2026224441185116161, 2016354427531419649, 1900000000000000302, 1067246875800000001, '2026-02-24 17:15:27');
INSERT INTO `sys_role_menu` VALUES (2026224441587769345, 2016354427531419649, 1900000000000000303, 1067246875800000001, '2026-02-24 17:15:27');
INSERT INTO `sys_role_menu` VALUES (2026224441961062402, 2016354427531419649, 1900000000000000304, 1067246875800000001, '2026-02-24 17:15:27');
INSERT INTO `sys_role_menu` VALUES (2026224442292412417, 2016354427531419649, 1900000000000000305, 1067246875800000001, '2026-02-24 17:15:27');
INSERT INTO `sys_role_menu` VALUES (2026224442686676994, 2016354427531419649, 1900000000000000103, 1067246875800000001, '2026-02-24 17:15:27');
INSERT INTO `sys_role_menu` VALUES (2026224443047387137, 2016354427531419649, 1900000000000000401, 1067246875800000001, '2026-02-24 17:15:27');
INSERT INTO `sys_role_menu` VALUES (2026224443399708673, 2016354427531419649, 1900000000000000402, 1067246875800000001, '2026-02-24 17:15:27');
INSERT INTO `sys_role_menu` VALUES (2026224443714281473, 2016354427531419649, 1900000000000000403, 1067246875800000001, '2026-02-24 17:15:28');
INSERT INTO `sys_role_menu` VALUES (2026224444116934657, 2016354427531419649, 1900000000000000404, 1067246875800000001, '2026-02-24 17:15:28');
INSERT INTO `sys_role_menu` VALUES (2026224444452478977, 2016354427531419649, 1900000000000000104, 1067246875800000001, '2026-02-24 17:15:28');
INSERT INTO `sys_role_menu` VALUES (2026224444779634690, 2016354427531419649, 1900000000000000501, 1067246875800000001, '2026-02-24 17:15:28');
INSERT INTO `sys_role_menu` VALUES (2026224445190676482, 2016354427531419649, 1900000000000000502, 1067246875800000001, '2026-02-24 17:15:28');
INSERT INTO `sys_role_menu` VALUES (2026224445509443585, 2016354427531419649, 2016429000000000301, 1067246875800000001, '2026-02-24 17:15:28');
INSERT INTO `sys_role_menu` VALUES (2026224445891125250, 2016354427531419649, 2016424054856155138, 1067246875800000001, '2026-02-24 17:15:28');
INSERT INTO `sys_role_menu` VALUES (2026224446214086657, 2016354427531419649, 2016424054856155139, 1067246875800000001, '2026-02-24 17:15:28');
INSERT INTO `sys_role_menu` VALUES (2026224446562213889, 2016354427531419649, 2016424054856155140, 1067246875800000001, '2026-02-24 17:15:28');
INSERT INTO `sys_role_menu` VALUES (2026224446969061377, 2016354427531419649, 2016424054856155141, 1067246875800000001, '2026-02-24 17:15:28');
INSERT INTO `sys_role_menu` VALUES (2026224447317188610, 2016354427531419649, 2016424054856155142, 1067246875800000001, '2026-02-24 17:15:28');
INSERT INTO `sys_role_menu` VALUES (2026224447669510146, 2016354427531419649, 2016424054856155143, 1067246875800000001, '2026-02-24 17:15:29');
INSERT INTO `sys_role_menu` VALUES (2026224448017637377, 2016354427531419649, 2016427449415434256, 1067246875800000001, '2026-02-24 17:15:29');
INSERT INTO `sys_role_menu` VALUES (2026224448395124737, 2016354427531419649, 2016427449415434257, 1067246875800000001, '2026-02-24 17:15:29');
INSERT INTO `sys_role_menu` VALUES (2026224448785195009, 2016354427531419649, 2016429000000000001, 1067246875800000001, '2026-02-24 17:15:29');
INSERT INTO `sys_role_menu` VALUES (2026224449112350721, 2016354427531419649, 2016429000000000101, 1067246875800000001, '2026-02-24 17:15:29');
INSERT INTO `sys_role_menu` VALUES (2026224449376591874, 2016354427531419649, 2016429000000000102, 1067246875800000001, '2026-02-24 17:15:29');
INSERT INTO `sys_role_menu` VALUES (2026224449829576705, 2016354427531419649, 2016429000000000103, 1067246875800000001, '2026-02-24 17:15:29');
INSERT INTO `sys_role_menu` VALUES (2026224450232229890, 2016354427531419649, 2016429000000000104, 1067246875800000001, '2026-02-24 17:15:29');
INSERT INTO `sys_role_menu` VALUES (2026224450597134338, 2016354427531419649, 2016429000000000105, 1067246875800000001, '2026-02-24 17:15:29');
INSERT INTO `sys_role_menu` VALUES (2026224450920095745, 2016354427531419649, 2016429000000000106, 1067246875800000001, '2026-02-24 17:15:29');

-- ----------------------------
-- Table structure for sys_role_user
-- ----------------------------
DROP TABLE IF EXISTS `sys_role_user`;
CREATE TABLE `sys_role_user`  (
  `id` bigint NOT NULL COMMENT 'id',
  `role_id` bigint NULL DEFAULT NULL COMMENT 'и§’иүІID',
  `user_id` bigint NULL DEFAULT NULL COMMENT 'з”ЁжҲ·ID',
  `creator` bigint NULL DEFAULT NULL COMMENT 'еҲӣе»әиҖ…',
  `create_date` datetime NULL DEFAULT NULL COMMENT 'еҲӣе»әж—¶й—ҙ',
  PRIMARY KEY (`id`) USING BTREE,
  INDEX `idx_role_id`(`role_id` ASC) USING BTREE,
  INDEX `idx_user_id`(`user_id` ASC) USING BTREE
) ENGINE = InnoDB CHARACTER SET = utf8mb4 COLLATE = utf8mb4_0900_ai_ci COMMENT = 'и§’иүІз”ЁжҲ·е…ізі»' ROW_FORMAT = Dynamic;

-- ----------------------------
-- Records of sys_role_user
-- ----------------------------
INSERT INTO `sys_role_user` VALUES (2017960912990121985, 2016354427531419649, 2016354214011985921, 1067246875800000001, '2026-02-01 21:59:08');

-- ----------------------------
-- Table structure for sys_user
-- ----------------------------
DROP TABLE IF EXISTS `sys_user`;
CREATE TABLE `sys_user`  (
  `id` bigint NOT NULL COMMENT 'id',
  `username` varchar(50) CHARACTER SET utf8mb4 COLLATE utf8mb4_0900_ai_ci NOT NULL COMMENT 'з”ЁжҲ·еҗҚ',
  `password` varchar(100) CHARACTER SET utf8mb4 COLLATE utf8mb4_0900_ai_ci NULL DEFAULT NULL COMMENT 'еҜҶз Ғ',
  `real_name` varchar(50) CHARACTER SET utf8mb4 COLLATE utf8mb4_0900_ai_ci NULL DEFAULT NULL COMMENT 'е§“еҗҚ',
  `head_url` varchar(200) CHARACTER SET utf8mb4 COLLATE utf8mb4_0900_ai_ci NULL DEFAULT NULL COMMENT 'еӨҙеғҸ',
  `gender` tinyint UNSIGNED NULL DEFAULT NULL COMMENT 'жҖ§еҲ«   0пјҡз”·   1пјҡеҘі    2пјҡдҝқеҜҶ',
  `email` varchar(100) CHARACTER SET utf8mb4 COLLATE utf8mb4_0900_ai_ci NULL DEFAULT NULL COMMENT 'йӮ®з®ұ',
  `mobile` varchar(100) CHARACTER SET utf8mb4 COLLATE utf8mb4_0900_ai_ci NULL DEFAULT NULL COMMENT 'жүӢжңәеҸ·',
  `super_admin` tinyint UNSIGNED NULL DEFAULT NULL COMMENT 'и¶…зә§з®ЎзҗҶе‘ҳ   0пјҡеҗҰ   1пјҡжҳҜ',
  `status` tinyint NULL DEFAULT NULL COMMENT 'зҠ¶жҖҒ  0пјҡеҒңз”Ё   1пјҡжӯЈеёё',
  `creator` bigint NULL DEFAULT NULL COMMENT 'еҲӣе»әиҖ…',
  `create_date` datetime NULL DEFAULT NULL COMMENT 'еҲӣе»әж—¶й—ҙ',
  `updater` bigint NULL DEFAULT NULL COMMENT 'жӣҙж–°иҖ…',
  `update_date` datetime NULL DEFAULT NULL COMMENT 'жӣҙж–°ж—¶й—ҙ',
  PRIMARY KEY (`id`) USING BTREE,
  UNIQUE INDEX `uk_username`(`username` ASC) USING BTREE,
  INDEX `idx_create_date`(`create_date` ASC) USING BTREE
) ENGINE = InnoDB CHARACTER SET = utf8mb4 COLLATE = utf8mb4_0900_ai_ci COMMENT = 'зі»з»ҹз”ЁжҲ·' ROW_FORMAT = Dynamic;

-- ----------------------------
-- Records of sys_user
-- ----------------------------
INSERT INTO `sys_user` VALUES (1067246875800000001, 'admin', '$2a$10$012Kx2ba5jzqr9gLlG4MX.bnQJTD9UWqF57XDo2N3.fPtLne02u/m', 'з®ЎзҗҶе‘ҳ', NULL, 0, 'gangan@gmail.com', '13612345678', 1, 1, 1067246875800000001, '2026-01-28 10:56:16', 1067246875800000001, '2026-01-28 10:56:16');

-- ----------------------------
-- Table structure for sys_user_token
-- ----------------------------
DROP TABLE IF EXISTS `sys_user_token`;
CREATE TABLE `sys_user_token`  (
  `id` bigint NOT NULL COMMENT 'id',
  `user_id` bigint NOT NULL COMMENT 'з”ЁжҲ·id',
  `token` varchar(100) CHARACTER SET utf8mb4 COLLATE utf8mb4_0900_ai_ci NOT NULL COMMENT 'з”ЁжҲ·token',
  `expire_date` datetime NULL DEFAULT NULL COMMENT 'иҝҮжңҹж—¶й—ҙ',
  `update_date` datetime NULL DEFAULT NULL COMMENT 'жӣҙж–°ж—¶й—ҙ',
  `create_date` datetime NULL DEFAULT NULL COMMENT 'еҲӣе»әж—¶й—ҙ',
  PRIMARY KEY (`id`) USING BTREE,
  UNIQUE INDEX `user_id`(`user_id` ASC) USING BTREE,
  UNIQUE INDEX `token`(`token` ASC) USING BTREE
) ENGINE = InnoDB CHARACTER SET = utf8mb4 COLLATE = utf8mb4_0900_ai_ci COMMENT = 'зі»з»ҹз”ЁжҲ·Token' ROW_FORMAT = Dynamic;

-- ----------------------------
-- Records of sys_user_token
-- ----------------------------
INSERT INTO `sys_user_token` VALUES (2016345628166840321, 1067246875800000001, 'vDFBPSptJ7uYLP12IABtZoIYjGVXJPtb', '2026-02-08 20:41:34', '2026-02-08 08:41:34', '2026-01-28 11:00:34');
INSERT INTO `sys_user_token` VALUES (2016439377614057473, 2016354214011985921, '70b639abd31096e125366aa4e0e451c6', '2026-01-30 19:57:47', '2026-01-30 07:57:47', '2026-01-28 17:13:06');

-- ----------------------------
-- Table structure for tb_alert_media
-- ----------------------------
DROP TABLE IF EXISTS `tb_alert_media`;
CREATE TABLE `tb_alert_media`  (
  `id` bigint NOT NULL,
  `name` varchar(100) CHARACTER SET utf8mb4 COLLATE utf8mb4_0900_ai_ci NOT NULL COMMENT 'еӘ’д»ӢеҗҚз§°',
  `host` varchar(200) CHARACTER SET utf8mb4 COLLATE utf8mb4_0900_ai_ci NULL DEFAULT NULL COMMENT 'SMTP Host',
  `port` int NULL DEFAULT NULL COMMENT 'з«ҜеҸЈ',
  `username` varchar(200) CHARACTER SET utf8mb4 COLLATE utf8mb4_0900_ai_ci NULL DEFAULT NULL COMMENT 'з”ЁжҲ·еҗҚ',
  `password` varchar(200) CHARACTER SET utf8mb4 COLLATE utf8mb4_0900_ai_ci NULL DEFAULT NULL COMMENT 'еҜҶз Ғ',
  `protocol` varchar(50) CHARACTER SET utf8mb4 COLLATE utf8mb4_0900_ai_ci NULL DEFAULT NULL COMMENT 'еҚҸи®®',
  `smtp_auth` tinyint NULL DEFAULT NULL COMMENT 'SMTPи®ӨиҜҒ',
  `starttls_enable` tinyint NULL DEFAULT NULL COMMENT 'STARTTLS',
  `tls_enable` tinyint NULL DEFAULT NULL COMMENT 'TLS/SSL',
  `from_addr` varchar(200) CHARACTER SET utf8mb4 COLLATE utf8mb4_0900_ai_ci NULL DEFAULT NULL COMMENT 'еҸ‘д»¶дәә',
  `status` tinyint NULL DEFAULT NULL COMMENT 'зҠ¶жҖҒ 0зҰҒз”Ё 1еҗҜз”Ё',
  `creator` bigint NULL DEFAULT NULL COMMENT 'еҲӣе»әиҖ…',
  `create_date` datetime NULL DEFAULT NULL COMMENT 'еҲӣе»әж—¶й—ҙ',
  `updater` bigint NULL DEFAULT NULL COMMENT 'жӣҙж–°иҖ…',
  `update_date` datetime NULL DEFAULT NULL COMMENT 'жӣҙж–°ж—¶й—ҙ',
  PRIMARY KEY (`id`) USING BTREE
) ENGINE = InnoDB CHARACTER SET = utf8mb4 COLLATE = utf8mb4_0900_ai_ci COMMENT = 'е‘ҠиӯҰеӘ’д»Ӣ' ROW_FORMAT = Dynamic;

-- ----------------------------
-- Records of tb_alert_media
-- ----------------------------

-- ----------------------------
-- Table structure for tb_alert_notify_log
-- ----------------------------
DROP TABLE IF EXISTS `tb_alert_notify_log`;
CREATE TABLE `tb_alert_notify_log`  (
  `id` bigint NOT NULL,
  `record_id` bigint NULL DEFAULT NULL COMMENT 'е‘ҠиӯҰи®°еҪ•ID',
  `alert_name` varchar(200) CHARACTER SET utf8mb4 COLLATE utf8mb4_0900_ai_ci NULL DEFAULT NULL COMMENT 'е‘ҠиӯҰеҗҚ',
  `instance` varchar(200) CHARACTER SET utf8mb4 COLLATE utf8mb4_0900_ai_ci NULL DEFAULT NULL COMMENT 'е®һдҫӢ',
  `severity` varchar(50) CHARACTER SET utf8mb4 COLLATE utf8mb4_0900_ai_ci NULL DEFAULT NULL COMMENT 'дёҘйҮҚжҖ§',
  `media_name` varchar(100) CHARACTER SET utf8mb4 COLLATE utf8mb4_0900_ai_ci NULL DEFAULT NULL COMMENT 'еӘ’д»ӢеҗҚз§°',
  `receivers` varchar(1000) CHARACTER SET utf8mb4 COLLATE utf8mb4_0900_ai_ci NULL DEFAULT NULL COMMENT 'жҺҘж”¶дәә',
  `send_status` tinyint NULL DEFAULT NULL COMMENT 'еҸ‘йҖҒзҠ¶жҖҒ 1жҲҗеҠҹ 0еӨұиҙҘ',
  `error_message` varchar(500) CHARACTER SET utf8mb4 COLLATE utf8mb4_0900_ai_ci NULL DEFAULT NULL COMMENT 'еӨұиҙҘеҺҹеӣ ',
  `send_time` datetime NULL DEFAULT NULL COMMENT 'еҸ‘йҖҒж—¶й—ҙ',
  PRIMARY KEY (`id`) USING BTREE,
  INDEX `idx_record_send_time`(`record_id` ASC, `send_time` ASC) USING BTREE
) ENGINE = InnoDB CHARACTER SET = utf8mb4 COLLATE = utf8mb4_0900_ai_ci COMMENT = 'е‘ҠиӯҰеҸ‘йҖҒж—Ҙеҝ—' ROW_FORMAT = Dynamic;

-- ----------------------------
-- Records of tb_alert_notify_log
-- ----------------------------

-- ----------------------------
-- Table structure for tb_alert_record
-- ----------------------------
DROP TABLE IF EXISTS `tb_alert_record`;
CREATE TABLE `tb_alert_record`  (
  `id` bigint NOT NULL,
  `alert_name` varchar(200) CHARACTER SET utf8mb4 COLLATE utf8mb4_0900_ai_ci NULL DEFAULT NULL COMMENT 'е‘ҠиӯҰеҗҚз§°',
  `status` varchar(20) CHARACTER SET utf8mb4 COLLATE utf8mb4_0900_ai_ci NULL DEFAULT NULL COMMENT 'е‘ҠиӯҰзҠ¶жҖҒ',
  `severity` varchar(50) CHARACTER SET utf8mb4 COLLATE utf8mb4_0900_ai_ci NULL DEFAULT NULL COMMENT 'зә§еҲ«',
  `instance` varchar(200) CHARACTER SET utf8mb4 COLLATE utf8mb4_0900_ai_ci NULL DEFAULT NULL COMMENT 'е®һдҫӢ',
  `summary` varchar(500) CHARACTER SET utf8mb4 COLLATE utf8mb4_0900_ai_ci NULL DEFAULT NULL COMMENT 'ж‘ҳиҰҒ',
  `description` text CHARACTER SET utf8mb4 COLLATE utf8mb4_0900_ai_ci NULL COMMENT 'жҸҸиҝ°',
  `starts_at` datetime NULL DEFAULT NULL COMMENT 'ејҖе§Ӣж—¶й—ҙ',
  `ends_at` datetime NULL DEFAULT NULL COMMENT 'з»“жқҹж—¶й—ҙ',
  `receiver` varchar(200) CHARACTER SET utf8mb4 COLLATE utf8mb4_0900_ai_ci NULL DEFAULT NULL COMMENT 'жҺҘж”¶еҷЁ',
  `alert_group` varchar(100) CHARACTER SET utf8mb4 COLLATE utf8mb4_0900_ai_ci NULL DEFAULT NULL COMMENT 'е‘ҠиӯҰз»„(alertgroupж Үзӯҫ)',
  `fingerprint` varchar(64) CHARACTER SET utf8mb4 COLLATE utf8mb4_0900_ai_ci NULL DEFAULT NULL COMMENT 'Alertmanager fingerprint',
  `raw_json` longtext CHARACTER SET utf8mb4 COLLATE utf8mb4_0900_ai_ci NULL COMMENT 'еҺҹе§ӢJSON',
  `closed` tinyint NULL DEFAULT 0 COMMENT 'жҳҜеҗҰе…ій—ӯ 0еҗҰ 1жҳҜ',
  `suppressed_until` datetime NULL DEFAULT NULL COMMENT 'жҠ‘еҲ¶жҲӘжӯўж—¶й—ҙ',
  `creator` bigint NULL DEFAULT NULL COMMENT 'еҲӣе»әиҖ…',
  `create_date` datetime NULL DEFAULT NULL COMMENT 'еҲӣе»әж—¶й—ҙ',
  `updater` bigint NULL DEFAULT NULL COMMENT 'жӣҙж–°иҖ…',
  `update_date` datetime NULL DEFAULT NULL COMMENT 'жӣҙж–°ж—¶й—ҙ',
  PRIMARY KEY (`id`) USING BTREE,
  INDEX `idx_alert_group`(`alert_group` ASC) USING BTREE,
  INDEX `idx_fingerprint`(`fingerprint` ASC) USING BTREE
) ENGINE = InnoDB CHARACTER SET = utf8mb4 COLLATE = utf8mb4_0900_ai_ci COMMENT = 'е‘ҠиӯҰи®°еҪ•' ROW_FORMAT = Dynamic;

-- ----------------------------
-- Records of tb_alert_record
-- ----------------------------

-- ----------------------------
-- Table structure for tb_alert_record_action
-- ----------------------------
DROP TABLE IF EXISTS `tb_alert_record_action`;
CREATE TABLE `tb_alert_record_action`  (
  `id` bigint NOT NULL,
  `record_id` bigint NOT NULL COMMENT 'е‘ҠиӯҰи®°еҪ•ID',
  `action` varchar(100) CHARACTER SET utf8mb4 COLLATE utf8mb4_0900_ai_ci NULL DEFAULT NULL COMMENT 'ж“ҚдҪңеҠЁдҪң',
  `message` varchar(500) CHARACTER SET utf8mb4 COLLATE utf8mb4_0900_ai_ci NULL DEFAULT NULL COMMENT 'ж¶ҲжҒҜ',
  `details` text CHARACTER SET utf8mb4 COLLATE utf8mb4_0900_ai_ci NULL COMMENT 'йҷ„еҠ иҜҰжғ…',
  `creator` bigint NULL DEFAULT NULL COMMENT 'еҲӣе»әиҖ…',
  `create_date` datetime NULL DEFAULT NULL COMMENT 'еҲӣе»әж—¶й—ҙ',
  `updater` bigint NULL DEFAULT NULL COMMENT 'жӣҙж–°иҖ…',
  `update_date` datetime NULL DEFAULT NULL COMMENT 'жӣҙж–°ж—¶й—ҙ',
  PRIMARY KEY (`id`) USING BTREE,
  INDEX `idx_record_id`(`record_id` ASC) USING BTREE
) ENGINE = InnoDB CHARACTER SET = utf8mb4 COLLATE = utf8mb4_0900_ai_ci COMMENT = 'е‘ҠиӯҰи®°еҪ•ж“ҚдҪңеҺҶеҸІ' ROW_FORMAT = Dynamic;

-- ----------------------------
-- Records of tb_alert_record_action
-- ----------------------------

-- ----------------------------
-- Table structure for tb_alert_template
-- ----------------------------
DROP TABLE IF EXISTS `tb_alert_template`;
CREATE TABLE `tb_alert_template`  (
  `id` bigint NOT NULL,
  `name` varchar(100) CHARACTER SET utf8mb4 COLLATE utf8mb4_0900_ai_ci NOT NULL COMMENT 'жЁЎжқҝеҗҚз§°',
  `email_subject` varchar(200) CHARACTER SET utf8mb4 COLLATE utf8mb4_0900_ai_ci NULL DEFAULT NULL COMMENT 'дё»йўҳ',
  `email_html` text CHARACTER SET utf8mb4 COLLATE utf8mb4_0900_ai_ci NULL COMMENT 'HTMLеҶ…е®№',
  `status` tinyint NULL DEFAULT NULL COMMENT 'зҠ¶жҖҒ 0зҰҒз”Ё 1еҗҜз”Ё',
  `creator` bigint NULL DEFAULT NULL COMMENT 'еҲӣе»әиҖ…',
  `create_date` datetime NULL DEFAULT NULL COMMENT 'еҲӣе»әж—¶й—ҙ',
  `updater` bigint NULL DEFAULT NULL COMMENT 'жӣҙж–°иҖ…',
  `update_date` datetime NULL DEFAULT NULL COMMENT 'жӣҙж–°ж—¶й—ҙ',
  PRIMARY KEY (`id`) USING BTREE
) ENGINE = InnoDB CHARACTER SET = utf8mb4 COLLATE = utf8mb4_0900_ai_ci COMMENT = 'е‘ҠиӯҰжЁЎжқҝ' ROW_FORMAT = Dynamic;

-- ----------------------------
-- Records of tb_alert_template
-- ----------------------------

-- ----------------------------
-- Table structure for tb_alert_trigger
-- ----------------------------
DROP TABLE IF EXISTS `tb_alert_trigger`;
CREATE TABLE `tb_alert_trigger`  (
  `id` bigint NOT NULL,
  `name` varchar(100) CHARACTER SET utf8mb4 COLLATE utf8mb4_0900_ai_ci NOT NULL COMMENT 'и§ҰеҸ‘еҷЁеҗҚз§°',
  `template_id` bigint NULL DEFAULT NULL COMMENT 'жЁЎжқҝID',
  `media_id` bigint NULL DEFAULT NULL COMMENT 'еӘ’д»ӢID',
  `receiver_user_ids` text CHARACTER SET utf8mb4 COLLATE utf8mb4_0900_ai_ci NULL COMMENT 'жҺҘж”¶з”ЁжҲ·IDеҲ—иЎЁ',
  `severity` varchar(50) CHARACTER SET utf8mb4 COLLATE utf8mb4_0900_ai_ci NULL DEFAULT NULL COMMENT 'е‘ҠиӯҰзә§еҲ«(йҖ—еҸ·еҲҶйҡ”)',
  `match_labels` text CHARACTER SET utf8mb4 COLLATE utf8mb4_0900_ai_ci NULL COMMENT 'еҢ№й…Қж Үзӯҫ(JSON)',
  `status` tinyint NULL DEFAULT NULL COMMENT 'зҠ¶жҖҒ 0зҰҒз”Ё 1еҗҜз”Ё',
  `creator` bigint NULL DEFAULT NULL COMMENT 'еҲӣе»әиҖ…',
  `create_date` datetime NULL DEFAULT NULL COMMENT 'еҲӣе»әж—¶й—ҙ',
  `updater` bigint NULL DEFAULT NULL COMMENT 'жӣҙж–°иҖ…',
  `update_date` datetime NULL DEFAULT NULL COMMENT 'жӣҙж–°ж—¶й—ҙ',
  PRIMARY KEY (`id`) USING BTREE
) ENGINE = InnoDB CHARACTER SET = utf8mb4 COLLATE = utf8mb4_0900_ai_ci COMMENT = 'е‘ҠиӯҰи§ҰеҸ‘еҷЁ' ROW_FORMAT = Dynamic;

-- ----------------------------
-- Records of tb_alert_trigger
-- ----------------------------

-- ----------------------------
-- Table structure for tb_backup_agent
-- ----------------------------
DROP TABLE IF EXISTS `tb_backup_agent`;
CREATE TABLE `tb_backup_agent`  (
  `id` bigint NOT NULL COMMENT 'дё»й”®ID',
  `instance` varchar(50) CHARACTER SET utf8mb4 COLLATE utf8mb4_0900_ai_ci NOT NULL COMMENT 'ең°еқҖ',
  `name` varchar(100) CHARACTER SET utf8mb4 COLLATE utf8mb4_0900_ai_ci NULL DEFAULT NULL COMMENT 'еҗҚз§°',
  `area_name` varchar(100) CHARACTER SET utf8mb4 COLLATE utf8mb4_0900_ai_ci NULL DEFAULT NULL COMMENT 'еҢәеҹҹеҗҚз§°',
  `token` varchar(50) CHARACTER SET utf8mb4 COLLATE utf8mb4_0900_ai_ci NOT NULL COMMENT 'Token',
  `status` tinyint NOT NULL DEFAULT 1 COMMENT 'зҠ¶жҖҒ 0зҰҒз”Ё 1еҗҜз”Ё',
  `creator` bigint NOT NULL COMMENT 'еҲӣе»әиҖ…',
  `create_date` datetime NOT NULL COMMENT 'еҲӣе»әж—¶й—ҙ',
  `updater` bigint NOT NULL COMMENT 'жӣҙж–°иҖ…',
  `update_date` datetime NOT NULL COMMENT 'жӣҙж–°ж—¶й—ҙ',
  `online_status` tinyint NULL DEFAULT NULL COMMENT 'еңЁзәҝзҠ¶жҖҒ 0зҰ»зәҝ 1еңЁзәҝ',
  PRIMARY KEY (`id`) USING BTREE
) ENGINE = InnoDB CHARACTER SET = utf8mb4 COLLATE = utf8mb4_0900_ai_ci COMMENT = 'еӨҮд»ҪиҠӮзӮ№иЎЁ' ROW_FORMAT = Dynamic;

-- ----------------------------
-- Records of tb_backup_agent
-- ----------------------------

-- ----------------------------
-- Table structure for tb_business_system
-- ----------------------------
DROP TABLE IF EXISTS `tb_business_system`;
CREATE TABLE `tb_business_system`  (
  `id` bigint NOT NULL COMMENT 'дё»й”®ID',
  `instance` varchar(50) CHARACTER SET utf8mb4 COLLATE utf8mb4_0900_ai_ci NOT NULL COMMENT 'ең°еқҖ',
  `name` varchar(50) CHARACTER SET utf8mb4 COLLATE utf8mb4_0900_ai_ci NOT NULL COMMENT 'еҗҚз§°',
  `area_name` varchar(50) CHARACTER SET utf8mb4 COLLATE utf8mb4_0900_ai_ci NOT NULL COMMENT 'еҢәеҹҹеҗҚз§°',
  `site_location` varchar(100) CHARACTER SET utf8mb4 COLLATE utf8mb4_0900_ai_ci NULL DEFAULT NULL COMMENT 'з«ҷзӮ№дҪҚзҪ®',
  `menu_name` varchar(50) CHARACTER SET utf8mb4 COLLATE utf8mb4_0900_ai_ci NOT NULL COMMENT 'еҲҶз»„еҗҚз§°',
  `status` tinyint NOT NULL DEFAULT 1 COMMENT 'зҠ¶жҖҒ 0зҰҒз”Ё 1еҗҜз”Ё',
  `creator` bigint NOT NULL COMMENT 'еҲӣе»әиҖ…',
  `create_date` datetime NOT NULL COMMENT 'еҲӣе»әж—¶й—ҙ',
  `updater` bigint NOT NULL COMMENT 'жӣҙж–°иҖ…',
  `update_date` datetime NOT NULL COMMENT 'жӣҙж–°ж—¶й—ҙ',
  `online_status` tinyint NULL DEFAULT NULL COMMENT 'еңЁзәҝзҠ¶жҖҒ 0зҰ»зәҝ 1еңЁзәҝ',
  PRIMARY KEY (`id`) USING BTREE
) ENGINE = InnoDB CHARACTER SET = utf8mb4 COLLATE = utf8mb4_0900_ai_ci COMMENT = 'дёҡеҠЎзі»з»ҹиЎЁ' ROW_FORMAT = Dynamic;

-- ----------------------------
-- Records of tb_business_system
-- ----------------------------

-- ----------------------------
-- Table structure for tb_device_backup_history
-- ----------------------------
DROP TABLE IF EXISTS `tb_device_backup_history`;
CREATE TABLE `tb_device_backup_history`  (
  `id` bigint NOT NULL COMMENT 'дё»й”®',
  `name` varchar(255) CHARACTER SET utf8mb4 COLLATE utf8mb4_0900_ai_ci NOT NULL COMMENT 'дё»жңәеҗҚ',
  `ip` varchar(50) CHARACTER SET utf8mb4 COLLATE utf8mb4_0900_ai_ci NOT NULL COMMENT 'IP',
  `url` varchar(255) CHARACTER SET utf8mb4 COLLATE utf8mb4_0900_ai_ci NOT NULL COMMENT 'еӨҮд»Ҫurl',
  `backup_time` datetime NOT NULL COMMENT 'еӨҮд»Ҫж—¶й—ҙ',
  `backup_status` int NOT NULL COMMENT 'еӨҮд»ҪзҠ¶жҖҒпјҲ1е·Іе®ҢжҲҗ/0ејӮеёёпјү',
  PRIMARY KEY (`id`) USING BTREE
) ENGINE = InnoDB CHARACTER SET = utf8mb4 COLLATE = utf8mb4_0900_ai_ci COMMENT = 'и®ҫеӨҮеӨҮд»ҪеҺҶеҸІиЎЁ' ROW_FORMAT = Dynamic;

-- ----------------------------
-- Records of tb_device_backup_history
-- ----------------------------

-- ----------------------------
-- Table structure for tb_device_backup_record
-- ----------------------------
DROP TABLE IF EXISTS `tb_device_backup_record`;
CREATE TABLE `tb_device_backup_record`  (
  `id` bigint NOT NULL COMMENT 'дё»й”®',
  `name` varchar(255) CHARACTER SET utf8mb4 COLLATE utf8mb4_0900_ai_ci NOT NULL COMMENT 'дё»жңәеҗҚ',
  `ip` varchar(50) CHARACTER SET utf8mb4 COLLATE utf8mb4_0900_ai_ci NOT NULL COMMENT 'IP',
  `url` varchar(255) CHARACTER SET utf8mb4 COLLATE utf8mb4_0900_ai_ci NOT NULL COMMENT 'еӨҮд»Ҫurl',
  `last_backup_time` datetime NOT NULL COMMENT 'жңҖеҗҺеӨҮд»Ҫж—¶й—ҙ',
  `last_backup_status` int NOT NULL COMMENT 'жңҖеҗҺеӨҮд»ҪзҠ¶жҖҒпјҲ1е·Іе®ҢжҲҗ/0ејӮеёёпјү',
  `backup_num` int NULL DEFAULT 0 COMMENT 'еӨҮд»Ҫж¬Ўж•°',
  PRIMARY KEY (`id`) USING BTREE
) ENGINE = InnoDB CHARACTER SET = utf8mb4 COLLATE = utf8mb4_0900_ai_ci COMMENT = 'и®ҫеӨҮеӨҮд»ҪдҝЎжҒҜиЎЁ' ROW_FORMAT = Dynamic;

-- ----------------------------
-- Records of tb_device_backup_record
-- ----------------------------

-- ----------------------------
-- Table structure for tb_linux_host
-- ----------------------------
DROP TABLE IF EXISTS `tb_linux_host`;
CREATE TABLE `tb_linux_host`  (
  `id` bigint NOT NULL COMMENT 'дё»й”®ID',
  `instance` varchar(50) CHARACTER SET utf8mb4 COLLATE utf8mb4_0900_ai_ci NOT NULL COMMENT 'ең°еқҖ',
  `name` varchar(50) CHARACTER SET utf8mb4 COLLATE utf8mb4_0900_ai_ci NOT NULL COMMENT 'еҗҚз§°',
  `area_name` varchar(50) CHARACTER SET utf8mb4 COLLATE utf8mb4_0900_ai_ci NOT NULL COMMENT 'еҢәеҹҹеҗҚз§°',
  `site_location` varchar(100) CHARACTER SET utf8mb4 COLLATE utf8mb4_0900_ai_ci NULL DEFAULT NULL COMMENT 'з«ҷзӮ№дҪҚзҪ®',
  `menu_name` varchar(50) CHARACTER SET utf8mb4 COLLATE utf8mb4_0900_ai_ci NOT NULL COMMENT 'еҲҶз»„еҗҚз§°',
  `type` varchar(50) CHARACTER SET utf8mb4 COLLATE utf8mb4_0900_ai_ci NULL DEFAULT NULL COMMENT 'дё»жңәзұ»еһӢ',
  `status` tinyint NOT NULL DEFAULT 1 COMMENT 'зҠ¶жҖҒ 0зҰҒз”Ё 1еҗҜз”Ё',
  `creator` bigint NOT NULL COMMENT 'еҲӣе»әиҖ…',
  `create_date` datetime NOT NULL COMMENT 'еҲӣе»әж—¶й—ҙ',
  `updater` bigint NOT NULL COMMENT 'жӣҙж–°иҖ…',
  `update_date` datetime NOT NULL COMMENT 'жӣҙж–°ж—¶й—ҙ',
  `online_status` tinyint NULL DEFAULT NULL COMMENT 'еңЁзәҝзҠ¶жҖҒ 0зҰ»зәҝ 1еңЁзәҝ',
  PRIMARY KEY (`id`) USING BTREE
) ENGINE = InnoDB CHARACTER SET = utf8mb4 COLLATE = utf8mb4_0900_ai_ci COMMENT = 'Linuxдё»жңәиЎЁ' ROW_FORMAT = Dynamic;

-- ----------------------------
-- Records of tb_linux_host
-- ----------------------------

-- ----------------------------
-- Table structure for tb_monitor_component
-- ----------------------------
DROP TABLE IF EXISTS `tb_monitor_component`;
CREATE TABLE `tb_monitor_component`  (
  `id` bigint NOT NULL COMMENT 'дё»й”®',
  `name` varchar(100) CHARACTER SET utf8mb4 COLLATE utf8mb4_0900_ai_ci NOT NULL COMMENT 'еҗҚз§°',
  `type` varchar(50) CHARACTER SET utf8mb4 COLLATE utf8mb4_0900_ai_ci NOT NULL COMMENT 'зұ»еһӢ',
  `ip` varchar(50) CHARACTER SET utf8mb4 COLLATE utf8mb4_0900_ai_ci NOT NULL COMMENT 'IP',
  `port` int NULL DEFAULT NULL COMMENT 'з«ҜеҸЈ',
  `web_url` varchar(255) CHARACTER SET utf8mb4 COLLATE utf8mb4_0900_ai_ci NULL DEFAULT NULL COMMENT 'Webең°еқҖ',
  `online_status` int NULL DEFAULT NULL COMMENT 'еңЁзәҝзҠ¶жҖҒ 0зҰ»зәҝ 1еңЁзәҝ',
  `version` varchar(50) CHARACTER SET utf8mb4 COLLATE utf8mb4_0900_ai_ci NULL DEFAULT NULL COMMENT 'еҪ“еүҚзүҲжң¬',
  `latest_version` varchar(50) CHARACTER SET utf8mb4 COLLATE utf8mb4_0900_ai_ci NULL DEFAULT NULL COMMENT 'жңҖж–°зүҲжң¬',
  `update_available` int NULL DEFAULT NULL COMMENT 'жҳҜеҗҰеҸҜжӣҙж–° 0еҗҰ 1жҳҜ',
  `last_check_time` datetime NULL DEFAULT NULL COMMENT 'жңҖеҗҺжЈҖжөӢж—¶й—ҙ',
  `creator` bigint NOT NULL COMMENT 'еҲӣе»әиҖ…',
  `create_date` datetime NOT NULL COMMENT 'еҲӣе»әж—¶й—ҙ',
  `updater` bigint NOT NULL COMMENT 'жӣҙж–°иҖ…',
  `update_date` datetime NOT NULL COMMENT 'жӣҙж–°ж—¶й—ҙ',
  PRIMARY KEY (`id`) USING BTREE
) ENGINE = InnoDB CHARACTER SET = utf8mb4 COLLATE = utf8mb4_0900_ai_ci COMMENT = 'зӣ‘жҺ§з»„д»¶' ROW_FORMAT = Dynamic;

-- ----------------------------
-- Records of tb_monitor_component
-- ----------------------------

-- ----------------------------
-- Table structure for tb_network_backup_device
-- ----------------------------
DROP TABLE IF EXISTS `tb_network_backup_device`;
CREATE TABLE `tb_network_backup_device`  (
  `id` bigint NOT NULL COMMENT 'дё»й”®ID',
  `network_host_id` bigint NOT NULL COMMENT 'зҪ‘з»ңи®ҫеӨҮID(tb_network_host.id)',
  `instance` varchar(64) CHARACTER SET utf8mb4 COLLATE utf8mb4_0900_ai_ci NOT NULL COMMENT 'IPең°еқҖ',
  `name` varchar(128) CHARACTER SET utf8mb4 COLLATE utf8mb4_0900_ai_ci NOT NULL COMMENT 'дё»жңәеҗҚ',
  `area_name` varchar(64) CHARACTER SET utf8mb4 COLLATE utf8mb4_0900_ai_ci NULL DEFAULT NULL COMMENT 'еҢәеҹҹ',
  `group_name` varchar(64) CHARACTER SET utf8mb4 COLLATE utf8mb4_0900_ai_ci NULL DEFAULT NULL COMMENT 'еҲҶз»„',
  `device_model` varchar(64) CHARACTER SET utf8mb4 COLLATE utf8mb4_0900_ai_ci NULL DEFAULT NULL COMMENT 'еһӢеҸ·',
  `status` tinyint NOT NULL DEFAULT 1 COMMENT 'еҗҢжӯҘзҠ¶жҖҒ 0зҰҒз”Ё 1еҗҜз”Ё',
  `username` varchar(128) CHARACTER SET utf8mb4 COLLATE utf8mb4_0900_ai_ci NULL DEFAULT NULL COMMENT 'еӨҮд»ҪиҙҰеҸ·',
  `password` varchar(255) CHARACTER SET utf8mb4 COLLATE utf8mb4_0900_ai_ci NULL DEFAULT NULL COMMENT 'еӨҮд»ҪеҜҶз Ғ',
  `agent_id` bigint NULL DEFAULT NULL COMMENT 'еӨҮд»ҪиҠӮзӮ№ID',
  `backup_enabled` tinyint NOT NULL DEFAULT 0 COMMENT 'жҳҜеҗҰеҗҜз”ЁеӨҮд»Ҫ 0еҗҰ 1жҳҜ',
  `last_backup_time` datetime NULL DEFAULT NULL COMMENT 'жңҖиҝ‘еӨҮд»Ҫж—¶й—ҙ',
  `last_backup_status` tinyint NULL DEFAULT NULL COMMENT 'жңҖиҝ‘еӨҮд»ҪзҠ¶жҖҒ 0еӨұиҙҘ 1жҲҗеҠҹ',
  `last_backup_message` varchar(255) CHARACTER SET utf8mb4 COLLATE utf8mb4_0900_ai_ci NULL DEFAULT NULL COMMENT 'жңҖиҝ‘еӨҮд»Ҫз»“жһңдҝЎжҒҜ',
  `creator` bigint NOT NULL COMMENT 'еҲӣе»әиҖ…',
  `create_date` datetime NOT NULL COMMENT 'еҲӣе»әж—¶й—ҙ',
  `updater` bigint NOT NULL COMMENT 'жӣҙж–°иҖ…',
  `update_date` datetime NOT NULL COMMENT 'жӣҙж–°ж—¶й—ҙ',
  PRIMARY KEY (`id`) USING BTREE,
  UNIQUE INDEX `uk_network_host_id`(`network_host_id` ASC) USING BTREE,
  INDEX `idx_instance`(`instance` ASC) USING BTREE,
  INDEX `idx_agent_status_enabled`(`agent_id` ASC, `status` ASC, `backup_enabled` ASC) USING BTREE
) ENGINE = InnoDB CHARACTER SET = utf8mb4 COLLATE = utf8mb4_0900_ai_ci COMMENT = 'зҪ‘з»ңи®ҫеӨҮеӨҮд»Ҫй…ҚзҪ®иЎЁ' ROW_FORMAT = Dynamic;

-- ----------------------------
-- Records of tb_network_backup_device
-- ----------------------------

-- ----------------------------
-- Table structure for tb_network_host
-- ----------------------------
DROP TABLE IF EXISTS `tb_network_host`;
CREATE TABLE `tb_network_host`  (
  `id` bigint NOT NULL COMMENT 'дё»й”®ID',
  `instance` varchar(50) CHARACTER SET utf8mb4 COLLATE utf8mb4_0900_ai_ci NOT NULL COMMENT 'ең°еқҖ(IP)',
  `name` varchar(100) CHARACTER SET utf8mb4 COLLATE utf8mb4_0900_ai_ci NOT NULL COMMENT 'еҗҚз§°(дё»жңәеҗҚ)',
  `area_name` varchar(50) CHARACTER SET utf8mb4 COLLATE utf8mb4_0900_ai_ci NOT NULL COMMENT 'еҢәеҹҹеҗҚз§°',
  `group_name` varchar(50) CHARACTER SET utf8mb4 COLLATE utf8mb4_0900_ai_ci NOT NULL COMMENT 'еҲҶз»„еҗҚз§°',
  `device_model` varchar(50) CHARACTER SET utf8mb4 COLLATE utf8mb4_0900_ai_ci NULL DEFAULT NULL COMMENT 'и®ҫеӨҮеһӢеҸ·',
  `status` tinyint NOT NULL DEFAULT 1 COMMENT 'зҠ¶жҖҒ 0зҰҒз”Ё 1еҗҜз”Ё',
  `collection_status` tinyint NOT NULL DEFAULT 2 COMMENT 'йҮҮйӣҶзҠ¶жҖҒ 0ејӮеёё 1жӯЈеёё 2жңӘзҹҘ',
  `online_status` tinyint NULL DEFAULT NULL COMMENT 'еңЁзәҝзҠ¶жҖҒ 0зҰ»зәҝ 1еңЁзәҝ',
  `response_time` varchar(50) CHARACTER SET utf8mb4 COLLATE utf8mb4_0900_ai_ci NULL DEFAULT NULL COMMENT 'е“Қеә”ж—¶й—ҙ',
  `packet_loss_rate` varchar(50) CHARACTER SET utf8mb4 COLLATE utf8mb4_0900_ai_ci NULL DEFAULT NULL COMMENT 'дёўеҢ…зҺҮ',
  `missing_count` int NOT NULL DEFAULT 0 COMMENT 'иҝһз»ӯзјәеӨұж¬Ўж•°',
  `last_seen_time` datetime NULL DEFAULT NULL COMMENT 'жңҖеҗҺдёҖж¬ЎеңЁZabbixеҮәзҺ°ж—¶й—ҙ',
  `last_sync_time` datetime NULL DEFAULT NULL COMMENT 'жңҖеҗҺдёҖж¬ЎеҗҢжӯҘж—¶й—ҙ',
  `creator` bigint NOT NULL COMMENT 'еҲӣе»әиҖ…',
  `create_date` datetime NOT NULL COMMENT 'еҲӣе»әж—¶й—ҙ',
  `updater` bigint NOT NULL COMMENT 'жӣҙж–°иҖ…',
  `update_date` datetime NOT NULL COMMENT 'жӣҙж–°ж—¶й—ҙ',
  PRIMARY KEY (`id`) USING BTREE,
  UNIQUE INDEX `uk_tb_network_host_instance`(`instance` ASC) USING BTREE,
  INDEX `idx_tb_network_host_area_name`(`area_name` ASC) USING BTREE,
  INDEX `idx_tb_network_host_group_name`(`group_name` ASC) USING BTREE,
  INDEX `idx_tb_network_host_device_model`(`device_model` ASC) USING BTREE,
  INDEX `idx_tb_network_host_status`(`status` ASC) USING BTREE,
  INDEX `idx_tb_network_host_collection_status`(`collection_status` ASC) USING BTREE,
  INDEX `idx_tb_network_host_online_status`(`online_status` ASC) USING BTREE
) ENGINE = InnoDB CHARACTER SET = utf8mb4 COLLATE = utf8mb4_0900_ai_ci COMMENT = 'зҪ‘з»ңи®ҫеӨҮиЎЁпјҲд»…йҖҡиҝҮZabbixеҗҢжӯҘз»ҙжҠӨпјү' ROW_FORMAT = Dynamic;

-- ----------------------------
-- Records of tb_network_host
-- ----------------------------

-- ----------------------------
-- Table structure for tb_prometheus_alert_ai_report
-- ----------------------------
DROP TABLE IF EXISTS `tb_prometheus_alert_ai_report`;
CREATE TABLE `tb_prometheus_alert_ai_report`  (
  `id` bigint NOT NULL AUTO_INCREMENT,
  `report_type` varchar(20) CHARACTER SET utf8mb4 COLLATE utf8mb4_0900_ai_ci NOT NULL COMMENT 'жҠҘе‘Ҡзұ»еһӢ server/http',
  `period_type` varchar(20) CHARACTER SET utf8mb4 COLLATE utf8mb4_0900_ai_ci NULL DEFAULT NULL COMMENT 'е‘Ёжңҹзұ»еһӢ week/month',
  `period_start` datetime NULL DEFAULT NULL COMMENT 'е‘ЁжңҹејҖе§Ӣ',
  `period_end` datetime NULL DEFAULT NULL COMMENT 'е‘Ёжңҹз»“жқҹ',
  `model_name` varchar(100) CHARACTER SET utf8mb4 COLLATE utf8mb4_0900_ai_ci NULL DEFAULT NULL COMMENT 'жЁЎеһӢеҗҚ',
  `report_status` tinyint NULL DEFAULT NULL COMMENT '1жҲҗеҠҹ 2еӨұиҙҘ',
  `summary` varchar(500) CHARACTER SET utf8mb4 COLLATE utf8mb4_0900_ai_ci NULL DEFAULT NULL COMMENT 'ж‘ҳиҰҒ',
  `input_json` longtext CHARACTER SET utf8mb4 COLLATE utf8mb4_0900_ai_ci NULL COMMENT 'йҖҒз»ҷAIзҡ„з»ҹи®ЎJSON',
  `report_json` longtext CHARACTER SET utf8mb4 COLLATE utf8mb4_0900_ai_ci NULL COMMENT 'AIиҝ”еӣһJSON',
  `report_markdown` longtext CHARACTER SET utf8mb4 COLLATE utf8mb4_0900_ai_ci NULL COMMENT 'жёІжҹ“еҗҺMarkdown',
  `error_message` varchar(500) CHARACTER SET utf8mb4 COLLATE utf8mb4_0900_ai_ci NULL DEFAULT NULL COMMENT 'ејӮеёёдҝЎжҒҜ',
  `create_date` datetime NULL DEFAULT CURRENT_TIMESTAMP COMMENT 'еҲӣе»әж—¶й—ҙ',
  PRIMARY KEY (`id`) USING BTREE,
  INDEX `idx_report_type`(`report_type` ASC) USING BTREE,
  INDEX `idx_create_date`(`create_date` ASC) USING BTREE
) ENGINE = InnoDB AUTO_INCREMENT = 2029814005104181250 CHARACTER SET = utf8mb4 COLLATE = utf8mb4_0900_ai_ci COMMENT = 'Prometheusе‘ҠиӯҰAIжҠҘе‘Ҡ' ROW_FORMAT = Dynamic;

-- ----------------------------
-- Records of tb_prometheus_alert_ai_report
-- ----------------------------

-- ----------------------------
-- Table structure for tb_window_host
-- ----------------------------
DROP TABLE IF EXISTS `tb_window_host`;
CREATE TABLE `tb_window_host`  (
  `id` bigint NOT NULL COMMENT 'дё»й”®ID',
  `instance` varchar(50) CHARACTER SET utf8mb4 COLLATE utf8mb4_0900_ai_ci NOT NULL COMMENT 'ең°еқҖ',
  `name` varchar(50) CHARACTER SET utf8mb4 COLLATE utf8mb4_0900_ai_ci NOT NULL COMMENT 'еҗҚз§°',
  `area_name` varchar(50) CHARACTER SET utf8mb4 COLLATE utf8mb4_0900_ai_ci NOT NULL COMMENT 'еҢәеҹҹеҗҚз§°',
  `site_location` varchar(100) CHARACTER SET utf8mb4 COLLATE utf8mb4_0900_ai_ci NULL DEFAULT NULL COMMENT 'з«ҷзӮ№дҪҚзҪ®',
  `menu_name` varchar(50) CHARACTER SET utf8mb4 COLLATE utf8mb4_0900_ai_ci NOT NULL COMMENT 'еҲҶз»„еҗҚз§°',
  `type` varchar(50) CHARACTER SET utf8mb4 COLLATE utf8mb4_0900_ai_ci NULL DEFAULT NULL COMMENT 'дё»жңәзұ»еһӢ',
  `status` tinyint NOT NULL DEFAULT 1 COMMENT 'зҠ¶жҖҒ 0зҰҒз”Ё 1еҗҜз”Ё',
  `creator` bigint NOT NULL COMMENT 'еҲӣе»әиҖ…',
  `create_date` datetime NOT NULL COMMENT 'еҲӣе»әж—¶й—ҙ',
  `updater` bigint NOT NULL COMMENT 'жӣҙж–°иҖ…',
  `update_date` datetime NOT NULL COMMENT 'жӣҙж–°ж—¶й—ҙ',
  `online_status` tinyint NULL DEFAULT NULL COMMENT 'еңЁзәҝзҠ¶жҖҒ 0зҰ»зәҝ 1еңЁзәҝ',
  PRIMARY KEY (`id`) USING BTREE
) ENGINE = InnoDB CHARACTER SET = utf8mb4 COLLATE = utf8mb4_0900_ai_ci COMMENT = 'Windowsдё»жңәиЎЁ' ROW_FORMAT = Dynamic;

-- ----------------------------
-- Records of tb_window_host
-- ----------------------------

-- ----------------------------
-- Table structure for tb_zabbix_alert_ai_report
-- ----------------------------
DROP TABLE IF EXISTS `tb_zabbix_alert_ai_report`;
CREATE TABLE `tb_zabbix_alert_ai_report`  (
  `id` bigint NOT NULL AUTO_INCREMENT,
  `period_type` varchar(20) CHARACTER SET utf8mb4 COLLATE utf8mb4_0900_ai_ci NOT NULL,
  `period_start` datetime NOT NULL,
  `period_end` datetime NOT NULL,
  `model_name` varchar(100) CHARACTER SET utf8mb4 COLLATE utf8mb4_0900_ai_ci NULL DEFAULT NULL,
  `report_status` tinyint NOT NULL COMMENT '1жҲҗеҠҹ 2еӨұиҙҘ',
  `summary` varchar(500) CHARACTER SET utf8mb4 COLLATE utf8mb4_0900_ai_ci NULL DEFAULT NULL,
  `input_json` longtext CHARACTER SET utf8mb4 COLLATE utf8mb4_0900_ai_ci NULL,
  `report_json` longtext CHARACTER SET utf8mb4 COLLATE utf8mb4_0900_ai_ci NULL,
  `report_markdown` longtext CHARACTER SET utf8mb4 COLLATE utf8mb4_0900_ai_ci NULL,
  `error_message` text CHARACTER SET utf8mb4 COLLATE utf8mb4_0900_ai_ci NULL,
  `create_date` datetime NULL DEFAULT CURRENT_TIMESTAMP,
  PRIMARY KEY (`id`) USING BTREE,
  INDEX `idx_period`(`period_type` ASC, `period_start` ASC, `period_end` ASC) USING BTREE,
  INDEX `idx_create_date`(`create_date` ASC) USING BTREE
) ENGINE = InnoDB AUTO_INCREMENT = 2029813705341468674 CHARACTER SET = utf8mb4 COLLATE = utf8mb4_0900_ai_ci ROW_FORMAT = Dynamic;

-- ----------------------------
-- Records of tb_zabbix_alert_ai_report
-- ----------------------------

-- ----------------------------
-- Table structure for tb_zabbix_alert_event
-- ----------------------------
DROP TABLE IF EXISTS `tb_zabbix_alert_event`;
CREATE TABLE `tb_zabbix_alert_event`  (
  `id` bigint NOT NULL AUTO_INCREMENT,
  `event_id` varchar(64) CHARACTER SET utf8mb4 COLLATE utf8mb4_0900_ai_ci NOT NULL,
  `trigger_id` varchar(64) CHARACTER SET utf8mb4 COLLATE utf8mb4_0900_ai_ci NULL DEFAULT NULL,
  `host_id` varchar(64) CHARACTER SET utf8mb4 COLLATE utf8mb4_0900_ai_ci NULL DEFAULT NULL,
  `host_host` varchar(128) CHARACTER SET utf8mb4 COLLATE utf8mb4_0900_ai_ci NULL DEFAULT NULL,
  `hostname` varchar(255) CHARACTER SET utf8mb4 COLLATE utf8mb4_0900_ai_ci NULL DEFAULT NULL,
  `host_ip` varchar(64) CHARACTER SET utf8mb4 COLLATE utf8mb4_0900_ai_ci NULL DEFAULT NULL,
  `host_group` varchar(255) CHARACTER SET utf8mb4 COLLATE utf8mb4_0900_ai_ci NULL DEFAULT NULL,
  `severity_code` varchar(16) CHARACTER SET utf8mb4 COLLATE utf8mb4_0900_ai_ci NULL DEFAULT NULL,
  `severity_name` varchar(32) CHARACTER SET utf8mb4 COLLATE utf8mb4_0900_ai_ci NULL DEFAULT NULL,
  `trigger_name` varchar(500) CHARACTER SET utf8mb4 COLLATE utf8mb4_0900_ai_ci NULL DEFAULT NULL,
  `trigger_key` varchar(255) CHARACTER SET utf8mb4 COLLATE utf8mb4_0900_ai_ci NULL DEFAULT NULL,
  `trigger_value` varchar(16) CHARACTER SET utf8mb4 COLLATE utf8mb4_0900_ai_ci NULL DEFAULT NULL,
  `item_id` varchar(64) CHARACTER SET utf8mb4 COLLATE utf8mb4_0900_ai_ci NULL DEFAULT NULL,
  `item_name` varchar(255) CHARACTER SET utf8mb4 COLLATE utf8mb4_0900_ai_ci NULL DEFAULT NULL,
  `item_value` varchar(255) CHARACTER SET utf8mb4 COLLATE utf8mb4_0900_ai_ci NULL DEFAULT NULL,
  `status` varchar(20) CHARACTER SET utf8mb4 COLLATE utf8mb4_0900_ai_ci NOT NULL,
  `event_time` datetime NULL DEFAULT NULL,
  `first_event_time` datetime NULL DEFAULT NULL,
  `last_event_time` datetime NULL DEFAULT NULL,
  `resolved_time` datetime NULL DEFAULT NULL,
  `event_duration` varchar(64) CHARACTER SET utf8mb4 COLLATE utf8mb4_0900_ai_ci NULL DEFAULT NULL,
  `duration_sec` bigint NULL DEFAULT NULL,
  `webhook_log_id` bigint NULL DEFAULT NULL,
  `raw_json` longtext CHARACTER SET utf8mb4 COLLATE utf8mb4_0900_ai_ci NULL,
  `create_date` datetime NULL DEFAULT CURRENT_TIMESTAMP,
  `update_date` datetime NULL DEFAULT CURRENT_TIMESTAMP ON UPDATE CURRENT_TIMESTAMP,
  PRIMARY KEY (`id`) USING BTREE,
  UNIQUE INDEX `uk_event_id`(`event_id` ASC) USING BTREE,
  INDEX `idx_status`(`status` ASC) USING BTREE,
  INDEX `idx_event_time`(`event_time` ASC) USING BTREE,
  INDEX `idx_host_ip`(`host_ip` ASC) USING BTREE,
  INDEX `idx_trigger_id`(`trigger_id` ASC) USING BTREE
) ENGINE = InnoDB AUTO_INCREMENT = 2029805701992873987 CHARACTER SET = utf8mb4 COLLATE = utf8mb4_0900_ai_ci ROW_FORMAT = Dynamic;

-- ----------------------------
-- Records of tb_zabbix_alert_event
-- ----------------------------

-- ----------------------------
-- Table structure for tb_zabbix_alert_event_history
-- ----------------------------
DROP TABLE IF EXISTS `tb_zabbix_alert_event_history`;
CREATE TABLE `tb_zabbix_alert_event_history`  (
  `id` bigint NOT NULL AUTO_INCREMENT,
  `event_id` varchar(64) CHARACTER SET utf8mb4 COLLATE utf8mb4_0900_ai_ci NOT NULL,
  `trigger_id` varchar(64) CHARACTER SET utf8mb4 COLLATE utf8mb4_0900_ai_ci NULL DEFAULT NULL,
  `host_id` varchar(64) CHARACTER SET utf8mb4 COLLATE utf8mb4_0900_ai_ci NULL DEFAULT NULL,
  `host_host` varchar(128) CHARACTER SET utf8mb4 COLLATE utf8mb4_0900_ai_ci NULL DEFAULT NULL,
  `hostname` varchar(255) CHARACTER SET utf8mb4 COLLATE utf8mb4_0900_ai_ci NULL DEFAULT NULL,
  `host_ip` varchar(64) CHARACTER SET utf8mb4 COLLATE utf8mb4_0900_ai_ci NULL DEFAULT NULL,
  `host_group` varchar(255) CHARACTER SET utf8mb4 COLLATE utf8mb4_0900_ai_ci NULL DEFAULT NULL,
  `severity_code` varchar(16) CHARACTER SET utf8mb4 COLLATE utf8mb4_0900_ai_ci NULL DEFAULT NULL,
  `severity_name` varchar(32) CHARACTER SET utf8mb4 COLLATE utf8mb4_0900_ai_ci NULL DEFAULT NULL,
  `trigger_name` varchar(500) CHARACTER SET utf8mb4 COLLATE utf8mb4_0900_ai_ci NULL DEFAULT NULL,
  `trigger_key` varchar(255) CHARACTER SET utf8mb4 COLLATE utf8mb4_0900_ai_ci NULL DEFAULT NULL,
  `trigger_value` varchar(16) CHARACTER SET utf8mb4 COLLATE utf8mb4_0900_ai_ci NULL DEFAULT NULL,
  `item_id` varchar(64) CHARACTER SET utf8mb4 COLLATE utf8mb4_0900_ai_ci NULL DEFAULT NULL,
  `item_name` varchar(255) CHARACTER SET utf8mb4 COLLATE utf8mb4_0900_ai_ci NULL DEFAULT NULL,
  `item_value` varchar(255) CHARACTER SET utf8mb4 COLLATE utf8mb4_0900_ai_ci NULL DEFAULT NULL,
  `status` varchar(20) CHARACTER SET utf8mb4 COLLATE utf8mb4_0900_ai_ci NOT NULL,
  `event_time` datetime NULL DEFAULT NULL,
  `event_duration` varchar(64) CHARACTER SET utf8mb4 COLLATE utf8mb4_0900_ai_ci NULL DEFAULT NULL,
  `duration_sec` bigint NULL DEFAULT NULL,
  `webhook_log_id` bigint NULL DEFAULT NULL,
  `payload_json` longtext CHARACTER SET utf8mb4 COLLATE utf8mb4_0900_ai_ci NULL,
  `create_date` datetime NULL DEFAULT CURRENT_TIMESTAMP,
  PRIMARY KEY (`id`) USING BTREE,
  UNIQUE INDEX `uk_event_status_time`(`event_id` ASC, `status` ASC, `event_time` ASC) USING BTREE,
  INDEX `idx_his_event_time`(`event_time` ASC) USING BTREE,
  INDEX `idx_his_host_ip`(`host_ip` ASC) USING BTREE,
  INDEX `idx_his_trigger_id`(`trigger_id` ASC) USING BTREE,
  INDEX `idx_his_status`(`status` ASC) USING BTREE
) ENGINE = InnoDB AUTO_INCREMENT = 2029806958610546691 CHARACTER SET = utf8mb4 COLLATE = utf8mb4_0900_ai_ci ROW_FORMAT = Dynamic;

-- ----------------------------
-- Records of tb_zabbix_alert_event_history
-- ----------------------------

-- ----------------------------
-- Table structure for tb_zabbix_webhook_log
-- ----------------------------
DROP TABLE IF EXISTS `tb_zabbix_webhook_log`;
CREATE TABLE `tb_zabbix_webhook_log`  (
  `id` bigint NOT NULL COMMENT 'дё»й”®ID',
  `source` varchar(32) CHARACTER SET utf8mb4 COLLATE utf8mb4_0900_ai_ci NULL DEFAULT 'zabbix' COMMENT 'жқҘжәҗ',
  `request_id` varchar(64) CHARACTER SET utf8mb4 COLLATE utf8mb4_0900_ai_ci NULL DEFAULT NULL COMMENT 'иҜ·жұӮиҝҪиёӘID',
  `request_method` varchar(16) CHARACTER SET utf8mb4 COLLATE utf8mb4_0900_ai_ci NULL DEFAULT NULL COMMENT 'HTTPж–№жі•',
  `request_uri` varchar(512) CHARACTER SET utf8mb4 COLLATE utf8mb4_0900_ai_ci NULL DEFAULT NULL COMMENT 'иҜ·жұӮURI',
  `query_string` text CHARACTER SET utf8mb4 COLLATE utf8mb4_0900_ai_ci NULL COMMENT 'жҹҘиҜўеҸӮж•°',
  `content_type` varchar(128) CHARACTER SET utf8mb4 COLLATE utf8mb4_0900_ai_ci NULL DEFAULT NULL COMMENT 'Content-Type',
  `remote_ip` varchar(64) CHARACTER SET utf8mb4 COLLATE utf8mb4_0900_ai_ci NULL DEFAULT NULL COMMENT 'е®ўжҲ·з«ҜIP',
  `user_agent` varchar(512) CHARACTER SET utf8mb4 COLLATE utf8mb4_0900_ai_ci NULL DEFAULT NULL COMMENT 'User-Agent',
  `headers_json` longtext CHARACTER SET utf8mb4 COLLATE utf8mb4_0900_ai_ci NULL COMMENT 'иҜ·жұӮеӨҙJSON',
  `payload_raw` longtext CHARACTER SET utf8mb4 COLLATE utf8mb4_0900_ai_ci NULL COMMENT 'еҺҹе§ӢиҜ·жұӮдҪ“',
  `payload_size` int NULL DEFAULT 0 COMMENT 'иҜ·жұӮдҪ“й•ҝеәҰ',
  `event_id` varchar(128) CHARACTER SET utf8mb4 COLLATE utf8mb4_0900_ai_ci NULL DEFAULT NULL COMMENT 'дәӢд»¶ID(еҸҜйҖүжҸҗеҸ–)',
  `trigger_id` varchar(128) CHARACTER SET utf8mb4 COLLATE utf8mb4_0900_ai_ci NULL DEFAULT NULL COMMENT 'и§ҰеҸ‘еҷЁID(еҸҜйҖүжҸҗеҸ–)',
  `host` varchar(255) CHARACTER SET utf8mb4 COLLATE utf8mb4_0900_ai_ci NULL DEFAULT NULL COMMENT 'дё»жңә(еҸҜйҖүжҸҗеҸ–)',
  `severity` varchar(64) CHARACTER SET utf8mb4 COLLATE utf8mb4_0900_ai_ci NULL DEFAULT NULL COMMENT 'дёҘйҮҚзә§еҲ«(еҸҜйҖүжҸҗеҸ–)',
  `status` varchar(64) CHARACTER SET utf8mb4 COLLATE utf8mb4_0900_ai_ci NULL DEFAULT NULL COMMENT 'зҠ¶жҖҒ(еҸҜйҖүжҸҗеҸ–)',
  `process_status` tinyint NULL DEFAULT 1 COMMENT 'еӨ„зҗҶзҠ¶жҖҒ:1е·ІеӯҳеӮЁ,2и§ЈжһҗеӨұиҙҘ',
  `process_message` varchar(1024) CHARACTER SET utf8mb4 COLLATE utf8mb4_0900_ai_ci NULL DEFAULT NULL COMMENT 'еӨ„зҗҶдҝЎжҒҜ',
  `received_at` datetime NULL DEFAULT CURRENT_TIMESTAMP COMMENT 'жҺҘж”¶ж—¶й—ҙ',
  `create_date` datetime NULL DEFAULT CURRENT_TIMESTAMP COMMENT 'еҲӣе»әж—¶й—ҙ',
  PRIMARY KEY (`id`) USING BTREE,
  INDEX `idx_zwl_received_at`(`received_at` ASC) USING BTREE,
  INDEX `idx_zwl_event_id`(`event_id` ASC) USING BTREE,
  INDEX `idx_zwl_status`(`process_status` ASC) USING BTREE
) ENGINE = InnoDB CHARACTER SET = utf8mb4 COLLATE = utf8mb4_0900_ai_ci COMMENT = 'Zabbix webhookжҺҘж”¶ж—Ҙеҝ—' ROW_FORMAT = Dynamic;

-- ----------------------------
-- Records of tb_zabbix_webhook_log
-- ----------------------------

SET FOREIGN_KEY_CHECKS = 1;
